year,month,amazon,amur,aral,chang_jiang,columbia,zaire,danube,dnepr,don,huang,indigirka,indus,kolyma,lena,limpopo,mackenzie,mekong,mississippi,murray,dvina,niger,nile,ob,olenek,parana,pechora,senegal,ural,volga,xi,yenisei,yukon
1984,1,87.4346,1.7181,-1.0634,6.2213,-3.0699,91.5104,1.7979,-2.6908,-2.5552,2.7733,0.6345,8.076,0.3937,0.634,60.2349,2.522,60.7367,4.8414,52.0606,2.1532,12.7131,21.9028,-0.4476,0.4456,112.5857,-0.6149,6.9846,-0.9842,-0.0695,20.1711,0.5183,-0.0809
1984,2,87.1871,2.5611,2.2965,7.4163,1.8975,93.8175,3.8479,1.4758,4.0167,2.7906,0.9366,12.482,0.7519,0.584,60.5159,1.8239,62.9104,10.5333,47.1874,4.5684,9.8496,18.7224,1.9704,0.3749,104.2687,6.7489,5.2966,4.6668,2.485,18.7048,1.1188,5.3548
1984,3,87.2474,3.1266,3.9525,14.9477,6.4798,95.4824,10.3247,3.4578,6.3937,6.3645,0.6162,18.6161,1.072,2.0889,58.8375,2.7839,60.659,14.4946,40.2733,5.5294,14.5347,22.4475,3.2965,0.2083,92.4245,3.1154,6.3999,5.6309,4.0912,29.483,2.3181,3.9517
1984,4,80.9921,4.5145,15.3039,26.0275,15.0255,105.4096,33.8097,31.9136,21.6861,18.3638,2.5285,22.9264,5.4748,3.2237,41.1792,5.5407,69.2258,36.1464,32.9585,7.3129,22.7992,25.7883,4.0448,0.5685,70.0735,7.5083,5.5472,12.8014,12.5801,44.6018,2.2518,3.9836
1984,5,78.707,36.2692,38.6438,36.0919,35.831,110.0745,66.5555,77.4942,76.5495,36.9713,1.4886,19.3287,5.5377,12.5516,20.69,16.7263,85.1108,70.4987,21.8045,44.8995,36.5407,35.642,27.676,1.2644,55.5112,11.3021,9.1677,57.196,67.7614,54.8367,14.1745,3.7223
1984,6,81.8415,59.6225,36.3862,54.8631,61.8454,96.3412,85.2664,70.0447,59.9284,55.3774,9.8163,24.6921,27.2902,46.7987,11.9364,42.4367,65.5454,92.9712,18.2844,63.3084,44.4196,36.5944,64.6663,20.8279,45.6154,46.0189,16.6705,55.3737,75.3048,76.2483,58.0281,28.8718
1984,7,94.3254,62.2678,24.1618,68.1094,79.3806,85.3308,86.0053,73.382,52.2681,67.6276,30.4709,8.0324,48.2514,67.0104,17.3294,58.4678,84.3048,97.4241,20.3493,72.1126,49.4225,39.6727,68.4386,66.6199,53.6586,69.459,39.5052,37.0515,82.7634,88.8447,73.7352,36.8783
1984,8,100.2987,56.24,18.5651,65.3751,62.198,81.1964,70.6297,66.4141,47.6888,69.2294,12.5635,36.3541,28.8198,36.4536,14.3576,48.7485,80.4541,84.0961,44.1666,44.4343,57.7868,48.9355,49.8417,21.3623,56.7149,41.7773,47.932,32.989,54.786,78.4462,50.1303,24.6778
1984,9,101.4494,32.3293,12.6708,40.4389,34.2421,82.1899,48.3475,39.6697,27.7282,36.2566,-2.7237,35.0569,1.3457,8.729,18.7604,14.7375,60.3124,60.3903,49.0493,16.6297,53.1835,42.7825,20.7139,0.2481,71.4871,10.8429,45.4019,20.7383,31.1118,55.9816,17.063,1.561
1984,10,104.3172,6.846,6.0166,28.0908,11.5676,83.9074,26.4224,18.0244,12.1681,17.133,-0.9802,21.1963,-0.9641,0.4988,26.7742,3.2949,60.438,33.8644,57.9329,8.014,43.7995,35.8251,3.3638,0.4308,91.9683,2.9231,25.4742,5.3211,9.4218,52.1527,1.5542,0.6769
1984,11,96.5838,1.9499,2.1413,15.5795,0.1789,82.6817,5.3941,1.1908,0.9111,5.4091,0.5582,12.18,0.5107,1.062,54.6754,2.2983,45.3659,14.1865,48.592,2.1534,24.8367,27.7725,0.48,0.1761,109.8555,1.7961,13.8061,0.1903,0.7061,45.3269,1.1006,2.8454
1984,12,98.46,1.3738,-0.8191,7.8138,-2.5338,92.4476,-1.2892,-0.8883,-0.4617,3.4861,0.5693,6.8081,0.3416,0.1834,70.0691,2.292,64.8273,6.9806,39.5355,1.9066,16.6075,25.1354,-1.0852,0.1344,109.4139,0.0615,8.6766,1.1739,0.8845,24.9265,-0.3846,0.8622
1985,1,104.8693,1.5387,0.3338,7.578,1.6901,93.0267,2.7269,-1.5142,-1.0796,2.5676,0.4906,7.5741,0.4454,0.6588,72.4313,1.2294,53.1821,3.1288,32.4588,1.4075,13.1365,20.9881,0.0938,0.4194,105.0623,0.9858,7.0351,0.5433,0.9392,20.3469,0.3387,-0.7378
1985,2,80.1443,2.5022,0.5586,8.0414,1.8034,87.68,3.3715,-0.1895,0.639,2.1679,2.0424,10.6573,0.7121,0.2476,66.2486,1.7554,61.2673,8.8336,26.7035,1.5977,9.6499,17.4339,1.0464,0.6723,93.5352,0.0256,4.8517,0.3429,1.3138,25.5703,0.5344,5.1201
1985,3,93.4611,3.6504,4.3748,9.5765,2.9568,86.4996,8.9075,3.1704,4.5327,4.91,0.9311,13.3378,0.5582,1.5867,62.8609,3.9098,61.8194,18.8345,26.3089,4.56,8.4856,24.318,3.2542,0.5785,85.8626,3.2144,5.7868,5.6786,3.4735,22.8469,2.0762,2.9115
1985,4,87.5664,6.1021,17.4329,30.7608,17.0282,96.7303,37.544,26.2394,19.6107,20.6546,0.4442,17.408,1.8881,2.7079,43.5739,5.0626,69.9173,46.8063,24.6218,6.2389,24.3282,28.6657,4.7539,-0.5547,70.1346,5.7028,5.5065,12.9061,9.7735,46.0723,3.0231,6.7032
1985,5,83.6907,37.0121,37.337,39.035,41.6799,107.133,72.1542,83.1782,85.2303,37.0465,0.7017,23.0318,2.6831,8.0605,26.3607,16.9692,86.4862,77.8572,20.1883,26.963,34.1338,37.8924,24.6338,-0.6241,57.7754,5.8142,7.5337,57.9057,57.4671,63.0842,12.7277,1.5628
1985,6,84.707,56.0928,33.6826,47.8169,64.0948,96.1697,74.9964,75.9394,79.6806,46.0749,8.1508,18.6913,17.2784,46.4464,16.6031,41.5108,72.9918,92.022,16.5826,57.2606,40.0427,39.9165,63.6744,21.316,50.765,39.0985,16.7525,45.6975,68.7113,62.0603,53.3513,22.6898
1985,7,95.6537,66.8822,26.6723,74.8544,72.1481,85.9172,92.4333,79.0899,63.2067,71.9195,40.1574,19.9479,61.11,60.6574,10.9151,58.1816,92.6084,96.1037,21.3937,71.6751,52.8557,44.1363,69.6538,50.8563,55.254,62.5541,41.3146,42.4164,72.3377,80.7725,69.8889,41.0198
1985,8,101.0397,55.5828,23.4948,64.5668,49.4411,80.1651,74.8253,78.4934,48.9216,65.8173,17.7955,43.47,26.1188,38.1174,12.3406,46.2898,76.2774,86.6689,37.5307,53.7148,65.7065,50.6336,52.3529,23.985,59.2229,47.9421,64.5908,31.9136,66.5045,76.4609,47.9967,25.0526
1985,9,103.7601,30.5863,14.9573,38.9375,31.9968,82.6818,50.1278,39.3071,28.3295,33.9694,0.699,41.013,2.1924,8.7824,18.2953,17.7025,52.5368,66.4028,44.7559,19.7885,54.0807,47.6255,23.7159,-0.1775,69.4387,15.6369,48.9592,19.78,32.49,53.3585,15.8009,2.9773
1985,10,99.2861,7.9094,6.2573,28.4349,11.4732,90.3496,20.7256,13.2089,10.5493,16.5488,-1.5818,21.9851,-1.1073,-0.045,32.637,3.1975,63.2971,37.2307,49.5229,6.6053,45.4808,39.1189,3.0992,-0.998,94.7497,-1.2624,24.2095,4.5051,8.1702,58.4219,1.5455,0.2754
1985,11,93.9758,1.4014,0.5987,19.3572,1.1798,90.7908,5.8527,2.0496,0.5228,6.5313,0.125,8.612,-0.4285,0.207,53.7128,1.1622,59.9941,14.889,53.157,3.0365,27.1497,30.9351,0.0389,-0.0786,106.0948,-0.3464,12.1641,1.0567,2.0948,47.8394,0.7209,3.8528
1985,12,95.3425,1.4832,-0.4578,9.1174,1.794,90.8678,1.0917,-2.6741,-0.0402,3.0164,0.5923,6.4101,0.3758,0.2249,62.8919,2.1373,64.0835,2.8899,46.154,1.6897,17.3031,25.9284,0.5078,0.5988,106.2761,1.7934,10.0018,0.3648,-0.6332,34.3699,0.3134,1.021
1986,1,94.8757,2.0115,-2.0528,7.839,-0.6696,89.7623,2.5695,-2.2732,-1.8234,2.4934,0.2671,9.1405,0.2192,0.6493,75.6402,2.5723,62.7433,5.4992,44.6473,1.8724,13.8525,21.0726,-0.2337,0.1315,109.1583,-0.0079,7.9265,0.4132,0.522,26.0505,0.5624,-0.4945
1986,2,81.2854,2.6766,1.7026,8.7327,1.7054,85.791,3.5756,-0.0738,0.9608,2.7882,0.8825,17.8311,0.7408,0.524,59.3066,1.8719,57.6301,7.6783,31.8359,2.909,11.099,18.5519,1.5459,0.2983,89.983,2.5409,4.9004,1.6456,1.5715,23.2506,1.2552,4.4406
1986,3,85.696,3.5261,3.0095,13.9057,6.6681,95.695,10.6717,5.4044,2.2041,6.6757,0.6263,25.5081,-0.0525,2.3388,50.5196,3.0395,61.8112,21.7353,21.8037,4.2627,15.8582,24.8355,2.4527,0.1515,87.5336,3.1896,5.525,4.2753,2.6315,32.1388,2.8945,6.8987
1986,4,98.477,4.8265,16.1337,24.624,17.1496,99.8792,42.3783,31.6425,30.3267,19.3338,1.7948,22.7805,2.8822,2.9318,73.4594,4.3359,55.2006,46.696,19.1698,10.0324,23.1166,29.134,5.532,0.6399,74.1407,5.1697,5.701,17.7268,15.9901,54.2489,2.7767,6.7977
1986,5,82.3788,31.4808,37.3853,47.2999,40.413,110.2308,75.8753,84.1165,72.273,40.2917,-1.1919,23.4132,2.8551,6.9141,22.2976,14.3875,78.5766,76.2504,19.0007,30.1313,37.6139,31.1981,27.417,0.3435,55.6329,6.8587,8.8927,53.4719,56.0565,71.3276,13.8592,3.0806
1986,6,88.7358,62.0299,35.883,52.4668,68.4012,94.3291,80.6261,85.6194,72.3728,45.2474,17.5506,22.661,30.2147,49.1746,12.322,42.6625,70.8285,98.1053,16.0833,69.41,42.0089,29.7077,62.4765,19.4854,48.1963,38.5314,15.6928,55.6848,83.1663,75.463,51.6424,27.5196
1986,7,96.1147,64.068,28.084,72.9339,63.6455,82.1899,86.8099,77.6121,51.6893,75.5233,37.9427,22.5645,52.2446,67.3831,9.8037,55.9291,83.745,104.1388,21.2101,67.0405,46.8479,41.9341,70.491,60.3393,53.032,47.6261,33.0796,39.64,72.9268,85.943,76.9471,38.1079
1986,8,103.5353,55.7973,20.8108,68.5201,56.2318,84.7776,74.1321,70.4283,36.6025,62.0595,17.6542,35.7713,28.7755,39.1249,9.7935,47.6071,75.0452,87.2957,37.4467,49.1938,60.6226,50.4269,45.6981,26.8096,57.8012,39.1443,54.1659,25.1647,56.46,75.8462,48.5891,25.0956
1986,9,105.5563,31.5193,14.0345,45.6005,31.2536,79.7311,47.1158,33.6162,22.717,36.2533,0.5015,26.8631,1.6209,10.5352,12.0046,18.1479,70.3858,65.246,50.2314,12.805,52.0329,49.4174,21.5905,-0.1178,71.9886,7.5731,51.5882,15.9299,27.7916,64.3321,18.4455,3.0848
1986,10,101.7385,7.5623,5.8756,31.8283,16.0761,84.9935,21.8053,14.9642,10.2432,15.2281,0.221,22.2223,-2.1813,0.0951,27.8603,3.3597,62.0352,32.8942,55.7201,4.9084,44.3442,41.0542,2.8131,-1.1628,95.8258,-1.2088,32.9088,4.9923,7.8663,49.1049,1.6565,2.6012
1986,11,94.1489,1.7271,0.5502,15.011,-0.2209,77.8638,3.5194,1.171,-0.4224,5.0218,0.3697,11.1307,-1.0691,0.3311,52.5992,1.2936,49.8502,11.82,50.0229,3.0463,27.5359,31.6484,-0.4636,0.1709,106.8139,-0.8593,13.9126,-0.2281,1.3316,35.3976,0.34,5.1717
1986,12,97.8939,2.0196,-0.0857,10.5876,-0.8186,90.4068,-1.7585,-1.9922,-1.4548,2.8612,0.3741,9.928,0.228,0.4445,67.9177,0.9402,65.3579,3.5578,44.6307,-0.6855,16.7896,24.9276,-0.0722,0.368,104.2482,-0.8412,9.4505,0.7501,-0.1739,40.1813,0.6834,0.4802
1987,1,103.4981,2.2056,-0.3067,8.653,-1.7861,88.6979,2.3298,0.4057,0.0857,2.3266,0.3662,5.5891,0.2476,0.7259,70.5675,1.7617,66.0638,5.2166,40.0642,0.7148,13.2315,20.6882,0.8447,0.3584,111.4591,1.0327,7.0469,0.1825,1.156,30.7248,1.2309,-0.4198
1987,2,100.2012,3.4403,1.0894,11.0545,0.8172,77.0877,3.3323,-0.0718,0.4255,2.8111,0.5648,15.8492,0.2092,0.5396,64.9547,2.2489,59.0811,10.5869,38.5474,2.8607,10.477,18.6708,1.5719,0.3869,91.4718,1.8697,4.7906,2.2376,0.8022,27.4719,1.6798,3.4082
1987,3,93.5219,4.2076,5.7908,14.1914,3.0173,94.0696,8.257,2.5654,5.8537,5.3208,0.6697,27.6828,1.4741,2.2168,46.2287,3.7366,61.0545,19.0141,32.9061,4.9871,16.477,24.1268,3.677,1.0311,93.7822,1.5308,5.7218,5.7194,3.9829,32.3785,2.3881,4.2826
1987,4,77.3251,4.7113,16.1765,25.2958,22.825,101.283,34.4044,16.1696,10.7986,19.146,0.2677,23.1847,1.7407,2.9982,37.7517,5.5888,67.45,47.3926,28.1971,6.2251,19.802,26.9466,4.1743,0.2329,69.9493,7.0796,5.4409,9.5095,7.432,46.1172,2.8982,2.9486
1987,5,83.5397,27.7973,42.286,41.2425,45.7145,105.7894,59.6791,69.7918,73.2983,37.1457,0.5495,29.5857,2.4865,4.1816,17.9062,18.5682,76.8044,82.7306,21.594,34.5187,30.6973,29.631,34.7224,0.7191,53.2732,11.2081,7.825,61.4812,59.6737,70.6118,14.0076,5.1493
1987,6,86.7298,59.0508,37.8352,46.6206,67.0959,94.3961,83.2872,81.8825,84.9697,46.4745,9.9818,25.9162,20.9785,37.0883,11.9863,44.9904,74.126,102.4747,18.7849,68.0897,40.6598,38.5091,63.3296,7.0748,49.6616,43.2929,16.8766,50.4246,87.8341,81.4906,39.4474,27.7058
1987,7,96.7237,58.2719,36.2648,65.9458,70.8503,87.7004,93.7335,90.8803,73.7,70.5489,41.0785,28.95,66.3325,61.0134,9.0695,59.2468,101.2729,99.942,20.5274,60.1932,52.2138,47.245,80.7927,57.961,56.8183,62.0772,38.5926,48.8688,77.5943,81.7644,72.9023,38.4672
1987,8,102.3097,51.2844,28.7157,60.3715,55.9173,85.9184,63.2081,58.9205,51.3467,63.3985,17.5931,34.3263,31.2331,42.9259,12.597,42.4899,73.289,93.2828,35.6034,41.5058,66.125,52.3495,55.8269,35.576,59.7784,43.7587,56.6688,32.6544,56.6521,75.5345,55.6144,30.6637
1987,9,104.9628,33.0472,18.6185,43.5968,34.3483,83.9932,51.3456,37.5322,25.0335,39.8286,-3.1222,32.7057,0.8564,8.1985,19.4829,22.2928,58.652,65.8137,46.7617,14.3875,55.3379,49.2181,20.6922,-0.8628,64.1832,12.7906,42.5723,22.0939,24.7653,54.2119,16.8945,3.0608
1987,10,111.0622,8.8607,6.2782,28.7297,13.3332,89.9805,20.2358,14.911,10.5499,15.6793,0.67,15.8404,-1.2892,-0.4571,28.5582,4.3238,65.6753,34.4372,45.062,6.2143,45.545,40.0816,2.1645,-5.2905,92.359,2.3302,31.7815,6.1375,6.6482,44.5873,0.7589,2.4358
1987,11,98.6626,3.0081,2.096,15.5328,0.4423,86.0499,6.1926,1.3919,0.2276,5.144,0.539,7.7602,0.7432,0.3644,53.0887,2.3647,65.5793,17.5676,43.6118,2.8054,26.5203,31.6559,1.0402,0.6151,102.8605,1.5878,13.2423,0.5463,2.0277,40.5636,0.8234,6.2726
1987,12,96.801,2.1317,0.1766,11.5523,-1.5097,101.0749,0.6289,-1.929,-0.6642,2.4296,0.4162,1.6171,0.1468,0.4988,64.7776,0.5953,64.491,7.1524,46.6799,0.7643,16.8382,25.8874,-0.7691,0.202,110.3415,0.4862,9.8883,2.7923,0.1743,42.9405,0.8861,0.1829
1988,1,104.7637,2.0339,-0.6795,8.857,0.0854,90.3865,2.0905,-2.3772,-1.7048,2.3886,0.4457,7.5514,0.3259,0.6573,76.3784,1.8085,64.8446,3.9803,40.8217,0.947,14.2407,21.7049,0.2144,0.4089,110.5681,1.256,7.9899,2.528,0.4699,27.1037,0.5524,0.0908
1988,2,95.3727,2.9387,0.8846,8.0142,0.017,95.4115,4.5938,-0.8233,-0.3402,4.1316,1.2434,16.758,0.8412,0.3146,84.527,1.981,63.1718,6.8277,32.4155,2.0304,11.1876,20.6747,1.6341,0.8428,91.879,2.3385,5.787,4.619,1.6529,23.5214,1.0186,5.7267
1988,3,94.2986,4.0262,5.2098,10.2026,0.868,92.8071,11.9768,5.224,2.3247,7.267,0.9646,33.0043,0.9885,1.8671,68.8703,3.8472,61.4895,20.8938,37.6112,4.7925,18.3072,21.8153,3.8479,0.2044,93.3228,2.8883,6.1151,5.4769,3.3518,17.3266,2.8887,7.5252
1988,4,92.8422,5.3951,20.525,29.7584,17.8531,105.9093,37.4899,27.7928,20.983,19.3155,0.3463,18.2879,2.5106,3.2112,54.7234,5.4625,72.4602,44.8967,29.3559,6.893,22.3093,26.2894,6.4831,0.9938,69.7612,6.1661,5.6258,13.9794,12.7163,35.0676,3.4816,1.7387
1988,5,80.01,31.0992,40.6166,38.8147,40.4393,109.943,73.6631,80.4646,77.911,40.4644,1.5571,21.146,4.3824,7.982,28.0544,14.0506,72.6234,83.6273,24.2768,31.9101,34.5555,36.0576,29.2269,-1.2598,44.1112,7.8814,7.9187,58.5399,61.8649,65.4971,13.8268,7.4937
1988,6,82.9075,62.0583,38.4172,57.1348,63.142,95.6644,84.4194,76.1285,83.8455,52.7252,14.4711,21.9187,29.9704,43.7946,23.6453,42.8138,68.836,99.6126,20.5327,70.8617,42.7861,34.6496,67.8536,23.4512,45.6512,48.8895,17.4128,58.2993,88.1512,79.7363,43.1819,29.9584
1988,7,96.048,68.5676,31.9264,70.6116,67.1648,84.13,98.6025,96.3895,80.987,63.1931,47.226,39.5919,62.6124,64.9598,14.0417,57.6927,50.3899,94.7031,24.9122,87.9827,55.3734,36.5431,78.7567,60.8956,53.3368,80.4271,38.617,41.2768,87.4536,84.7916,65.4757,37.7419
1988,8,102.783,59.5161,28.9774,56.4731,47.827,80.2228,71.4552,71.0497,54.4465,57.1822,16.787,54.8607,29.1076,41.2342,14.2097,47.3844,77.322,85.2866,43.2945,45.792,55.3125,51.2536,51.7875,27.3978,54.9218,48.3742,62.6486,27.6453,57.1137,55.6892,51.5424,29.5434
1988,9,104.8198,31.8396,18.2173,40.0074,30.0675,77.5202,41.7646,40.1818,29.943,38.7349,-0.5348,51.8262,2.9192,11.6621,17.2,20.7626,78.6215,64.8539,56.6166,11.8146,56.8821,50.5627,24.7264,4.1114,61.9949,9.4271,54.51,20.3806,28.2481,50.4393,19.6727,2.8764
1988,10,104.386,8.3477,6.8809,28.792,13.2359,87.5342,22.3167,14.8874,13.2685,17.5812,-1.1994,19.8802,-1.7379,0.5875,30.8922,4.6988,66.1655,34.7286,46.914,5.6247,43.1257,39.8975,4.5856,-2.3111,77.4945,4.0947,27.4293,6.559,8.1905,64.4418,2.145,0.2494
1988,11,98.9292,2.13,1.1695,21.4051,4.3467,81.2238,2.1378,-0.9762,1.4583,6.1999,0.5638,9.0856,-0.4846,0.7103,52.8202,3.509,64.065,17.0811,41.5108,3.098,26.1478,33.1469,0.1861,0.1008,99.6132,1.272,14.4553,-0.7678,0.9172,51.4725,0.8813,6.8936
1988,12,92.4668,1.9481,-0.788,11.5901,-2.5809,85.7879,2.384,-2.4328,-3.0511,2.7526,1.0293,11.6886,0.8506,0.7267,56.3857,2.2218,65.6306,5.9588,49.7279,0.4525,19.2526,27.2164,0.1494,0.7447,97.0497,-0.8562,11.1749,-0.0049,0.2692,39.2938,0.4245,-1.1298
1989,1,106.1196,1.9621,-1.7329,8.7191,0.0764,93.4083,1.0729,-4.8405,-7.7793,3.387,0.5364,8.7372,-0.9928,-0.1284,64.269,1.6172,58.7071,8.0863,54.6974,-0.039,20.5579,26.9276,-3.9131,-0.3647,105.2489,-2.5521,8.6088,-3.6135,-0.5605,27.7902,-0.3809,-6.7703
1989,2,90.655,3.3454,0.7929,5.1829,-0.1045,73.4494,8.3625,1.1243,-4.2008,3.9185,-0.4791,11.8432,-1.1259,-1.6548,67.4617,1.8068,58.9584,7.4869,33.4609,2.1049,13.8787,23.0106,-0.0731,-1.0786,99.4852,2.0087,6.4047,1.6854,0.0515,20.1922,-0.6019,2.6052
1989,3,102.2855,3.1632,6.722,13.5209,3.5142,68.6871,23.88,13.4617,7.9924,5.4063,1.5504,24.2014,1.0042,-1.3614,59.7928,2.6777,65.2593,15.6177,39.2315,6.3392,17.083,24.731,4.1476,0.6081,101.5324,3.5007,8.3657,5.2138,3.3423,30.6132,0.7061,3.8785
1989,4,87.3303,6.5709,12.7032,23.2725,18.391,104.8853,39.8135,28.7201,26.4477,18.7038,2.0315,21.4542,2.868,3.2775,40.8861,4.639,75.3528,40.9552,35.624,7.1602,23.324,29.71,4.3681,1.07,72.4418,5.7253,5.9629,11.2692,11.7587,49.9898,2.9919,0.4985
1989,5,89.2606,33.905,44.1344,38.0443,42.5712,102.6836,70.0082,79.7478,72.8532,42.9255,3.834,27.219,5.5297,10.4097,23.9227,18.0391,61.8811,73.4988,32.5134,46.329,33.1825,31.031,39.6901,1.5628,63.1483,19.2185,8.2115,59.1866,58.9502,56.6824,21.2152,6.4361
1989,6,86.4913,58.9243,41.4434,49.5018,66.7097,90.6069,81.6168,88.8896,84.5855,44.575,16.8071,31.7685,48.0069,42.6633,20.422,46.8941,52.394,91.8915,25.8647,90.7539,44.491,31.5608,77.3125,11.8428,44.8229,69.3515,20.2716,66.5084,91.7877,75.2744,52.1067,28.0523
1989,7,94.8701,69.7708,29.2206,69.1027,66.4363,84.1549,94.9394,92.1646,74.7479,68.4744,29.7893,36.1426,48.4444,65.2417,14.512,65.6444,100.1025,95.2215,26.5599,71.3748,49.5339,39.011,84.733,33.9462,56.2341,63.137,66.9145,58.4998,85.5695,87.7399,74.5465,37.6887
1989,8,94.9526,68.9518,23.5353,53.2026,53.8861,81.3084,70.6584,68.9206,64.0976,72.824,14.6408,52.6809,36.8655,40.8987,14.6967,51.4888,66.431,85.6188,39.4166,42.9084,65.6937,49.856,51.3096,20.3151,67.299,48.0825,84.0354,32.6187,63.153,84.8009,57.3844,31.9909
1989,9,102.9998,32.871,18.7163,39.0178,40.1106,89.4859,49.7319,43.1317,29.4554,35.0357,-1.0625,43.8167,3.601,8.6776,13.7442,21.7939,63.3269,65.1474,46.2994,21.3338,56.8424,42.4073,22.6593,-1.6486,73.7935,12.4557,54.2784,18.9969,37.2207,49.5869,17.389,0.1333
1989,10,107.0958,9.7754,5.7072,29.3743,16.452,73.7934,29.0992,17.7602,16.9431,21.5472,-0.1537,27.5159,-2.0188,-1.7681,24.3304,2.8282,76.6432,35.597,51.0732,6.7885,44.6698,39.5998,3.6312,-3.7619,93.8689,0.89,28.4299,5.4789,10.1436,49.7514,1.6819,-4.9825
1989,11,99.752,2.4978,2.7892,14.4398,5.6884,90.6037,6.4045,2.5871,3.7849,8.703,0.3517,9.0702,-0.6184,-0.1615,62.135,2.1079,68.8222,14.463,55.6316,2.2573,38.3692,34.8228,-1.308,1.2139,108.1517,0.1929,17.1627,0.1202,2.3689,41.7736,0.7054,2.4338
1989,12,106.1183,1.6939,-0.0829,13.3028,1.0942,87.2446,5.0637,-3.9866,-4.911,5.797,-0.6322,10.7603,0.6079,-0.065,81.5702,0.8623,64.0318,3.3909,44.2766,-2.152,28.1284,32.0638,-2.1264,0.9444,111.6423,-3.3983,13.5157,-0.6123,-1.5993,45.2937,-0.5274,-8.203
1990,1,103.8005,1.845,-1.3905,8.1818,1.8975,71.0023,2.7569,-3.8237,-5.1826,4.5984,-0.8317,5.8885,-0.1152,0.3016,79.3415,2.0875,57.8639,10.9603,43.2711,0.5875,21.4886,33.0556,-3.4777,-0.6763,119.1216,-0.4676,8.7455,-1.351,-0.0668,26.718,0.4405,-6.693
1990,2,94.0845,3.0072,1.1715,4.1493,2.9268,68.0108,17.5408,4.24,-3.189,3.6557,0.6778,14.0396,-0.0276,-0.102,64.6015,2.0884,52.4567,11.2591,35.2651,2.6713,15.0079,28.2426,-0.3135,-0.3563,99.569,0.0598,6.0642,-0.3769,-1.2809,27.9653,0.1483,3.4237
1990,3,98.7497,4.7156,4.5976,13.753,5.8167,83.8535,26.2511,16.5975,7.2722,6.5751,0.1118,24.4144,1.0679,-0.6468,56.8348,3.9284,47.2301,19.3953,36.6187,6.0222,15.8078,29.1626,1.7228,-2.3062,98.1909,0.5926,7.2458,1.7588,2.7933,28.3433,1.32,3.8009
1990,4,91.8602,9.0471,26.3805,20.7644,29.2246,100.357,41.6849,31.2982,26.7635,20.0608,-0.4698,29.4429,-0.8034,3.1105,52.836,7.1692,60.9599,40.4364,32.0867,7.4197,23.266,30.4391,8.6891,0.1027,85.6963,2.9686,9.1137,23.8365,24.2451,51.6319,5.2009,1.2621
1990,5,90.5933,35.9966,52.6187,42.1379,41.2982,94.7968,73.1527,81.9816,78.5958,48.3286,1.7917,51.4757,9.3794,17.2216,26.6435,20.3482,67.4526,70.8168,28.7724,24.932,39.2726,32.5794,37.101,-2.4542,64.1963,9.6463,10.1328,67.7096,57.3763,69.267,22.2206,8.4595
1990,6,86.6419,55.4721,48.2238,51.9381,67.4163,97.3199,96.2777,83.8734,78.4078,54.8177,19.2043,39.1278,35.804,53.3878,13.2181,47.0299,82.2519,98.0376,27.1922,60.3085,42.7718,35.874,75.0607,36.2753,51.3608,45.2564,16.7827,63.3917,70.0529,77.0843,51.8005,31.3465
1990,7,89.7774,73.639,33.6731,74.9934,72.4682,84.0904,95.9118,84.5008,73.3371,78.3241,16.8082,41.1898,41.861,64.9737,10.0401,66.4036,95.9758,98.7364,30.4043,74.7352,52.1432,41.1603,81.8185,55.2562,55.9546,73.3694,44.4576,58.8575,81.6486,89.0222,84.2661,39.2306
1990,8,94.9442,65.7911,31.764,68.8008,56.3415,71.8296,73.0426,70.8865,51.61,67.1236,21.7357,37.1733,24.765,46.7959,10.7798,50.2632,81.6104,90.25,44.4957,48.3777,60.6785,54.8776,62.5204,29.782,68.4393,44.776,65.9898,44.5851,56.3273,75.2885,55.9351,31.5234
1990,9,102.097,35.343,24.4836,38.6304,36.6761,80.8266,43.9326,41.2413,34.4392,40.5364,-0.2745,50.0302,0.8267,7.1304,11.838,24.5804,63.5842,63.2904,52.2901,19.6588,54.6136,40.6751,21.0966,-2.0416,74.7517,12.2309,48.0263,25.1984,26.7861,56.1397,15.992,-10.1334
1990,10,107.8751,11.4084,7.7412,28.648,18.6602,80.1893,25.1152,21.721,14.2707,17.7853,-0.1426,26.5648,-2.6145,-1.1091,17.7676,2.5981,73.6054,40.3315,56.8402,1.9689,44.164,39.2918,3.7892,-2.1141,90.2913,-0.2766,26.7944,5.9367,9.1527,51.4927,1.8253,-4.0741
1990,11,103.3006,2.3583,2.9662,18.0207,2.8474,83.7625,11.4371,4.0539,4.9302,12.0502,-1.7198,13.4822,-2.0799,-0.034,42.0682,2.5613,70.9244,17.3122,47.5341,2.0755,34.8977,35.7539,-2.3566,0.8903,108.4842,2.1587,17.6265,-0.4399,1.1588,48.6637,0.1526,2.8038
1990,12,99.7567,1.4927,-0.3302,15.3462,-1.5454,66.0769,2.9265,-0.5816,-1.6302,6.016,-0.4302,7.0797,0.5624,-1.0709,68.2363,1.4405,67.1805,11.5042,33.3757,-0.8337,22.7325,31.0067,-0.8066,0.3106,114.5868,-2.7125,12.8348,-0.1653,0.0022,46.203,-0.6658,-11.3385
1991,1,98.1335,1.6414,-1.3492,10.7404,1.352,75.3213,1.6184,-2.9055,-3.8841,3.2763,0.7799,8.3063,1.706,0.0877,84.5014,1.8015,64.4049,2.2428,58.9251,1.3487,18.6553,31.4075,-4.7396,0.4467,120.5476,-1.8368,8.4467,-2.8219,0.0776,26.1298,0.6402,-7.5855
1991,2,94.5482,2.6026,-0.0471,9.3396,5.1301,78.4029,4.3141,-0.9279,-0.0034,3.6314,1.0513,13.1928,0.7272,0.056,71.661,2.0317,59.3854,9.4684,46.729,1.8289,11.7419,28.8562,0.9692,0.3415,103.8864,2.6554,6.2789,-0.5045,1.0985,30.4503,-0.0213,3.7167
1991,3,105.2228,4.569,6.319,12.7892,2.3637,79.7169,13.7179,9.9175,6.4707,5.6215,0.2332,22.8628,0.9845,1.497,75.2439,2.7847,62.7138,19.3901,32.6823,3.6295,18.6362,26.1927,1.85,0.5632,99.6255,3.3864,8.143,2.8972,3.2101,17.943,2.6388,2.1587
1991,4,97.0419,7.7488,26.2743,18.5385,17.6467,86.6604,33.1712,26.3841,26.2186,19.2078,0.566,27.0455,2.0103,2.9528,58.0072,8.0559,58.7656,38.3125,23.8198,4.9393,24.8327,29.252,12.8046,0.4956,85.7304,0.7145,8.1394,29.4596,24.4339,43.2348,2.6852,-0.0263
1991,5,89.4863,34.5543,43.8354,38.5537,34.8126,91.5962,67.666,62.0293,78.0667,35.7223,2.0813,43.4845,6.7835,12.7538,27.8095,24.9877,69.3875,69.8168,21.7046,41.5656,37.27,31.2039,47.2846,-3.7132,64.7883,21.8075,8.3244,58.1216,70.4943,69.1305,17.5602,8.4494
1991,6,84.8386,62.3629,40.3542,53.4651,61.3824,94.29,105.124,104.9216,87.1491,54.9227,0.5404,46.4391,44.0492,42.3034,17.8419,42.8693,84.2911,97.5911,25.5785,80.1389,48.6986,32.4342,78.9195,16.214,52.2768,63.7071,18.2405,44.6063,94.2958,74.1928,56.1738,30.384
1991,7,93.7936,63.934,30.878,64.0977,76.4363,80.4762,95.0669,99.9969,73.7072,72.9328,59.1169,37.1202,56.1798,73.2522,14.0542,61.6185,78.8357,106.145,24.6023,75.2523,61.3849,36.8788,75.2095,70.018,53.8162,56.491,41.5038,54.1362,87.5765,84.7325,75.8579,35.7897
1991,8,95.3718,65.61,28.5629,51.5975,55.9819,70.4414,75.7477,73.1942,60.816,56.1438,22.3024,38.3138,31.1656,41.6764,10.8396,50.9107,73.4243,85.4506,37.3983,51.4342,61.7396,43.5953,48.7037,28.3804,58.8058,41.5385,57.6246,30.5113,55.297,39.455,57.4455,26.3667
1991,9,98.9842,29.2373,23.3061,44.4929,36.0061,72.6839,56.7383,46.8043,30.625,37.0067,-0.2321,35.9057,1.2552,10.3546,12.831,21.7862,64.5343,64.9826,41.2268,16.2836,55.225,42.8159,26.2632,-0.6285,69.8278,13.7322,48.2144,17.0345,33.2384,58.1562,22.1052,-6.2336
1991,10,107.1831,10.2504,6.9874,32.4264,16.158,66.4144,27.7146,22.7656,15.5279,17.0015,-0.5974,26.3368,-2.5797,-1.2229,17.4043,5.1361,66.3353,41.8342,41.4495,7.4374,40.115,36.0464,5.4626,-1.0971,86.1885,1.3482,28.3466,6.9211,13.8826,46.5932,0.4293,-6.5061
1991,11,100.4198,2.1234,2.3303,17.8965,3.5652,72.2497,8.8409,2.2294,-0.8344,9.4239,0.8111,9.6994,-0.8921,-0.037,43.627,1.9613,72.7161,12.347,45.1879,0.2599,34.2931,36.918,-1.0941,1.6896,108.8385,1.0309,15.5123,-0.0266,2.7175,43.1585,-1.2784,1.6792
1991,12,94.0735,1.6899,-0.2532,10.1672,-0.0656,82.4914,1.6411,-1.4177,0.5832,4.5598,-2.0211,7.0639,-0.3691,-0.1395,59.8506,0.8547,47.2659,7.841,44.5609,-1.223,24.2095,31.6903,-0.9492,-0.6466,110.1441,1.6907,11.4532,-0.6343,0.1271,40.7851,-0.456,-7.9125
1992,1,93.4881,1.8101,-1.2063,9.9495,1.183,59.4119,0.7143,0.494,-3.8165,3.2846,0.2746,3.798,1.0344,-0.3106,67.5101,1.106,55.4614,5.4923,46.9991,-0.9788,22.4553,32.8155,-3.2103,-1.2055,122.4836,-1.1673,9.954,-5.9556,0.1169,42.1261,0.1876,-9.7607
1992,2,86.8579,3.0135,0.6104,10.1387,2.9157,85.1087,9.3839,1.6434,-2.7374,2.9098,0.9356,15.3721,0.7108,-1.5049,47.8473,2.4528,61.1592,11.4047,43.6337,2.0456,15.0557,27.4823,-0.0251,0.8037,102.5454,2.2895,6.7996,0.2869,-0.0968,26.6232,0.4394,3.7039
1992,3,102.1439,3.9507,4.456,8.8972,8.8167,69.4274,25.099,7.6,4.2615,6.9623,0.4165,17.0563,1.265,-0.0101,41.0302,3.6488,64.8055,21.2375,35.7776,3.4916,15.1996,24.3837,3.4875,1.2326,99.4289,0.1196,7.5275,1.9757,3.8915,12.8193,2.268,3.7808
1992,4,87.4366,6.4214,23.4153,30.88,31.1213,92.3148,43.0427,28.2917,21.6047,21.3665,0.7119,31.1498,1.6994,3.0564,26.0132,6.4324,59.3269,39.478,29.8603,4.8474,24.6945,27.9697,4.931,1.2968,79.5413,6.3241,7.0673,17.7325,17.3392,53.7073,2.2937,1.3226
1992,5,91.38,37.3999,44.5718,37.1779,57.9411,106.9409,79.3738,76.2693,74.943,32.0622,-0.1411,37.6391,6.1226,14.6488,12.0842,20.2183,59.5941,69.7772,21.7617,37.2819,38.9752,37.0694,40.972,0.5482,64.1483,11.0017,9.7327,57.3883,58.7773,67.0335,22.6954,1.6888
1992,6,87.7112,57.995,45.1799,47.7992,61.802,86.333,82.0805,93.0472,76.4344,50.8927,12.4645,41.5006,24.2799,47.8164,7.5165,46.0892,70.9957,91.1573,19.2989,70.4774,40.9184,38.0957,66.0705,19.0205,53.2924,36.0611,20.0926,60.3783,86.1189,78.7437,52.8771,30.8178
1992,7,94.95,68.5863,35.0053,73.063,65.4036,77.5877,96.8892,89.6424,73.9772,69.1585,36.768,35.8237,57.4874,62.7897,6.7012,61.1999,74.8647,104.6877,23.8006,87.0743,52.7017,42.1482,83.3504,57.9615,53.4257,70.6731,38.3525,54.796,85.2955,94.6268,76.2379,37.8917
1992,8,96.7847,59.2513,28.4214,71.3342,51.06,71.4029,80.9206,61.2081,58.7352,63.665,17.3401,44.7052,21.6066,43.0893,6.8797,51.0662,74.9339,88.3713,36.2512,54.6499,58.0879,54.1452,51.0653,35.6931,59.7182,36.9327,55.7103,39.278,63.2239,71.3378,52.1712,25.4448
1992,9,94.3841,29.6231,23.8465,37.716,31.1221,78.5408,44.7265,39.1728,30.4918,36.1194,1.2822,45.8415,0.9077,8.0804,6.8365,13.9615,60.7193,69.0178,45.8735,27.7864,51.2953,56.703,18.3948,-0.1256,69.2285,13.6219,51.9113,23.4187,40.2633,53.0911,13.2354,-9.0711
1992,10,104.1151,9.8066,6.7122,30.6103,16.1281,68.7515,28.3457,20.1053,12.5222,18.4155,-0.1105,31.5422,-1.1212,-1.6663,17.8356,3.284,72.6825,35.6862,59.0173,0.0867,44.2107,39.6986,4.2445,-0.7384,94.4495,-2.8112,28.1463,7.1958,10.7907,65.3939,0.7035,-4.344
1992,11,94.1813,3.1268,1.3694,20.8181,-0.5785,82.05,14.6527,3.7363,1.4762,10.7969,-0.1478,16.0475,-2.7089,-0.1281,43.3134,1.563,74.9889,13.3232,69.4543,1.6744,37.7235,36.9345,-1.019,0.5909,102.2081,-0.0591,14.5712,0.3169,2.0837,38.7128,0.5667,0.9834
1992,12,90.3107,2.5335,-0.3453,12.3734,0.3132,71.697,0.8745,-1.7802,-1.8707,5.3008,-0.2598,10.0857,0.0298,-0.5998,74.655,1.6876,36.6189,7.4533,65.6978,-1.0941,24.8114,33.2455,-1.6078,-0.251,109.5045,-3.4505,8.2701,0.7129,-0.0188,44.1053,-0.8302,-3.4045
1993,1,90.2568,2.0539,-2.617,8.2818,-0.0513,65.6083,4.7175,-2.9092,-4.1751,3.9564,-0.0575,11.3609,0.0014,-0.4708,73.1557,1.9028,59.0278,6.0331,65.9348,-0.3446,20.5128,31.8243,-4.6265,1.1189,126.8294,-1.2411,7.0978,-8.0152,-1.7702,30.1756,0.4362,-9.5868
1993,2,92.5679,3.1236,0.5076,12.1817,-0.3183,70.1565,3.5871,1.6331,0.0098,4.8541,1.938,13.7634,-0.6435,-1.1346,68.5793,2.0136,57.0718,5.7333,43.3897,-0.1008,14.5196,27.6581,-0.1544,0.8846,86.7048,2.32,5.3251,-0.7155,0.938,34.2694,-0.17,2.2421
1993,3,96.8172,4.0505,5.8077,12.984,6.1917,68.2638,16.579,7.5283,3.8901,8.1769,0.5764,21.3969,0.9344,0.6297,62.164,3.768,60.4321,15.7749,36.8501,5.9701,17.1846,25.2409,2.9681,0.0694,98.3361,2.5039,6.9244,3.5731,3.7426,26.314,2.3221,3.7097
1993,4,90.422,6.3578,29.1828,26.9719,12.8726,92.003,40.4135,26.653,22.2827,19.5112,0.0216,37.003,2.2009,3.2538,41.9853,7.6924,59.587,36.2672,27.6825,4.307,23.5273,32.3078,6.2714,0.0936,78.3493,3.1871,6.7301,19.7727,18.3508,43.3592,4.1571,-0.338
1993,5,86.7535,32.6764,51.6059,36.748,54.6437,102.8191,79.4982,83.3986,80.7292,39.4907,0.3821,36.826,6.5637,8.071,18.9239,23.6081,58.7153,72.3286,20.2304,32.6565,35.1564,35.2622,31.2676,1.8872,59.2866,8.8265,7.6605,67.3357,62.8137,55.0988,14.8203,9.007
1993,6,84.0327,51.399,53.2583,57.1585,62.5338,87.9842,103.0456,90.9764,79.0582,49.9387,25.168,43.5085,33.7034,41.2424,11.1334,45.0007,89.3883,98.0856,19.2236,57.1995,42.7988,41.4298,76.31,31.2021,48.7835,57.6459,17.2742,64.1914,77.6157,76.47,50.0087,28.8311
1993,7,91.9092,62.8729,38.7945,57.2988,65.1078,81.5776,95.3381,80.8643,82.2512,74.5059,37.4066,47.9105,50.4654,69.0626,5.2997,52.7193,93.8873,109.6499,25.6981,73.3317,54.3417,46.5843,89.7238,50.1224,51.3879,81.1808,50.5856,67.8429,84.4926,81.683,79.8365,41.928
1993,8,93.3254,62.668,32.5439,36.6426,66.0676,73.2294,77.8728,78.0758,61.747,61.7669,18.1754,47.34,27.7899,39.5998,13.9605,45.7271,75.0761,91.0241,40.8798,46.1642,64.042,48.4164,57.3723,29.2908,56.2657,43.6859,67.0169,42.2908,60.3831,61.12,54.5128,27.0724
1993,9,102.7614,34.7168,23.1798,41.5186,40.3663,74.8226,52.0816,39.4541,31.7825,41.9116,2.304,35.6647,2.6635,8.2718,17.8429,23.0426,56.6763,69.398,50.283,15.5037,55.7325,46.5511,19.9754,0.6206,62.0013,6.9178,52.8913,22.0392,24.5903,58.9,17.796,-5.6014
1993,10,104.5689,9.2222,6.3836,31.7589,16.3018,88.9304,26.5918,20.2419,13.5831,19.6144,0.4939,29.3122,-1.4369,-2.2939,25.1927,3.2051,72.8749,32.5006,66.0922,7.1449,43.7637,35.9546,2.9634,-2.2094,86.7393,-1.148,28.3914,6.0616,10.5077,54.7293,0.2324,-9.422
1993,11,100.2619,2.7294,1.8365,15.0939,2.0599,77.9624,2.0926,4.1731,1.2831,16.305,0.0871,9.001,-0.9671,-0.2334,59.9962,1.908,70.1394,16.6273,65.03,2.5,30.9172,29.7296,0.7182,1.0802,111.8941,2.8832,16.5214,1.8506,2.5512,48.4911,-0.301,-0.6152
1993,12,101.8361,2.3607,0.0244,15.6176,-1.0582,77.7794,6.7631,-4.5392,-2.6082,6.7909,1.1138,7.5202,0.684,-0.0931,75.7981,2.5653,62.7265,6.8847,49.7983,-1.572,23.5948,28.1926,-1.0999,-0.1068,107.0514,0.5717,11.4269,-0.4014,-1.4242,56.3945,-0.1774,-6.5101
1994,1,101.9523,2.0547,0.4629,11.8728,0.9636,73.0632,4.6125,-1.3971,-2.5989,4.8806,-1.4697,6.2678,-1.3596,0.1659,64.3765,1.5666,64.3802,6.7517,50.0314,0.4741,18.1304,28.5139,-2.9969,-0.2696,115.1381,-5.2878,8.6677,-2.4384,-0.9591,30.955,-0.159,-6.1731
1994,2,95.6519,3.8962,1.5919,10.4255,1.5433,76.5378,5.7281,2.8981,4.5349,4.4343,3.893,11.7771,0.0789,0.0797,67.0633,3.0034,53.3879,7.7747,47.5018,-4.4712,13.7765,22.1842,0.9232,0.8383,95.9627,-3.0447,5.7646,1.7522,1.4196,10.4653,1.1764,2.4282
1994,3,106.3292,3.2022,4.8647,12.7013,8.2644,71.7209,33.2605,8.3424,4.0483,7.5791,0.8587,15.7649,-0.1004,1.1477,58.2857,4.0758,69.5037,22.0572,42.9311,8.5889,16.4997,22.1195,4.5133,-0.3829,96.3242,3.334,7.844,5.1142,3.1827,31.6205,1.9239,2.6668
1994,4,95.6337,7.8665,25.738,25.7105,21.7966,91.387,43.1185,31.7147,28.097,20.6622,2.4885,25.3643,3.3438,3.1384,39.9081,6.7698,60.1453,47.5991,33.2732,12.1129,18.8848,29.1073,6.7088,-0.351,83.5644,2.0378,7.5553,24.6702,23.8843,37.8188,2.6665,-0.5167
1994,5,89.7313,31.6345,53.66,59.6676,48.6678,95.4048,82.4629,70.7697,73.4513,45.0795,2.2719,44.9544,8.8013,14.6137,17.143,26.3312,71.4776,79.0272,19.2188,29.5508,38.9623,36.4236,36.9995,0.265,61.1821,8.6732,8.7632,61.1688,56.0424,78.9101,16.0711,6.7804
1994,6,87.9287,62.8964,46.2359,50.324,63.8213,80.1109,105.4277,94.026,80.5515,46.0798,11.5862,37.9262,33.3202,44.19,8.6298,51.9749,76.9351,97.5017,16.6103,58.6053,43.2505,33.6291,74.5826,9.554,52.2188,47.146,21.2894,64.5844,79.3477,81.2203,67.9695,26.8184
1994,7,90.2927,77.1848,36.3039,73.1202,66.7515,73.1158,95.1871,104.8779,68.2381,71.2574,45.2783,31.5222,52.3262,66.3124,11.2453,65.1327,79.0295,102.7134,18.1112,75.2996,58.0827,48.9897,68.1075,63.7425,56.55,69.8046,51.0812,52.2715,80.176,85.1183,82.6372,37.5974
1994,8,101.6927,66.3342,34.4263,65.5662,44.0342,63.9837,73.5151,61.8871,50.8867,71.3297,12.376,45.8694,23.4462,43.8445,10.9809,48.7785,77.3622,88.7242,22.3326,52.5216,66.7434,53.3738,60.5868,24.5408,58.9263,46.4122,70.3243,40.5512,57.1339,77.4522,53.5671,35.1003
1994,9,101.9754,34.3023,21.9964,37.9697,32.9342,85.274,57.5353,53.2215,29.9606,39.738,-2.9941,47.8395,5.2218,9.8954,10.7738,20.6616,72.6896,65.8813,25.4393,22.3777,54.1813,57.1969,21.3953,0.7608,67.588,11.7805,57.922,21.6182,39.5025,49.0089,15.7518,-7.4199
1994,10,105.8483,13.6707,8.2727,28.0626,18.9603,70.2053,25.2149,19.8391,14.862,17.0096,-1.0777,30.7317,-2.4986,-0.5822,26.0877,3.115,77.9132,40.9091,32.9625,0.6977,51.0904,42.9045,5.2919,-3.7679,85.3649,-3.1824,42.6715,4.1786,12.1243,62.0592,1.1699,-8.3902
1994,11,95.4529,1.8008,2.2513,13.9901,3.2518,66.8283,6.2363,4.0917,-0.1019,10.9909,-0.4211,14.114,-1.6462,0.8634,40.0214,2.7152,71.9877,20.4948,45.1537,0.1896,42.2499,35.651,-2.2219,-1.1331,106.1769,-0.0931,18.0408,1.2563,1.8653,49.4148,0.3608,2.5537
1994,12,96.1719,2.2564,0.7188,10.0315,0.5309,68.6083,2.667,-1.5382,-5.8717,5.5264,-0.1652,2.7942,1.7952,0.2582,66.9775,1.1706,67.6983,7.372,35.9229,0.9257,29.9966,35.4444,-1.5936,0.4543,107.5787,-3.5801,12.9016,-1.6262,-0.642,64.1951,0.6744,-6.1747
1995,1,106.1635,2.3344,2.2457,10.2662,-1.5262,68.8427,3.8103,-2.6184,-3.8135,3.5949,-0.3722,14.0857,-0.1819,-0.7168,61.0014,2.7238,60.5204,10.1758,59.9272,1.5741,22.5982,31.8513,-1.0496,0.2862,105.1227,-4.3124,9.6579,2.6866,-0.0568,33.155,-1.3521,-6.0489
1995,2,91.1934,2.0691,1.1675,8.9898,4.2729,70.9502,16.5497,-1.4669,-0.6153,2.9045,1.2609,12.7509,1.3192,-0.8022,75.5227,2.1443,54.5522,9.8517,48.0448,6.2301,15.9025,25.6869,-0.584,-0.6931,93.2649,5.3508,6.2176,0.0223,-2.0671,25.0875,-1.3482,0.6748
1995,3,104.2115,3.6242,6.8073,13.4399,7.9986,79.3224,20.2695,11.791,7.1573,7.9821,-0.4011,26.2369,0.2586,1.134,66.5305,2.5717,59.1653,20.9814,30.2586,4.8464,14.6792,28.12,3.396,-1.1027,97.6093,0.3191,8.1011,2.1914,4.2686,29.5767,0.7825,3.4705
1995,4,88.5513,7.1628,28.769,22.3788,19.4816,92.1403,42.8454,29.237,28.9425,19.8086,2.869,30.9065,2.8385,3.85,54.3163,5.7107,63.1273,42.1372,23.9268,5.621,19.2115,33.1325,14.0163,-0.8508,78.1269,6.1311,10.1141,28.6847,25.7172,47.0928,4.5882,-0.1014
1995,5,91.1769,29.3493,42.3921,40.1716,48.4456,107.2713,76.2821,70.4343,78.2799,33.2251,3.67,35.3067,6.4262,8.8147,26.595,23.0634,87.7787,77.0103,29.3427,43.3137,38.4281,37.1788,46.3124,-1.6832,60.5278,23.3762,9.0387,56.7963,65.7551,48.7034,15.2092,10.9748
1995,6,90.3127,59.845,38.2579,41.7821,66.5006,86.6213,99.8898,102.2767,79.9937,47.1652,16.7611,43.8762,28.8292,52.9974,16.3973,50.1193,81.788,93.7445,26.5814,70.2735,40.6168,36.0269,66.2901,30.7549,50.664,51.2868,15.8268,51.4741,87.9346,75.8985,40.0799,29.3589
1995,7,101.3029,72.3397,29.1834,68.8429,84.7119,79.8806,102.5637,105.8481,66.7454,60.5432,37.6126,17.3964,41.6397,62.7831,10.7503,47.3724,85.2194,114.5465,26.3553,74.1461,48.6062,47.1172,84.7209,65.7598,52.9377,59.3575,55.5954,36.0529,85.6345,87.1143,81.4226,36.4898
1995,8,101.0699,65.359,28.4789,49.4702,56.0208,73.9194,69.5633,79.7206,57.6667,61.7555,29.0682,42.2326,35.9667,45.3109,12.0296,40.657,88.5035,95.4658,33.9366,50.5003,59.0744,52.1547,57.4151,38.674,58.5094,44.5723,73.8776,23.7153,58.5227,77.9279,63.1423,23.2422
1995,9,96.4454,32.4454,20.7653,46.0107,38.1279,78.4743,56.9009,37.1748,31.0094,35.421,5.1131,47.5942,5.8893,9.9466,12.4778,21.9374,80.062,64.5655,42.3256,17.2429,47.8409,50.2264,23.5046,2.036,64.491,15.7569,53.0792,14.6419,38.9908,66.0314,17.2762,-5.0796
1995,10,101.5058,10.5058,7.526,25.5824,15.8951,77.5818,24.7951,21.5902,16.5402,18.6039,-1.8478,31.0306,-2.6028,-0.7993,15.9482,3.1566,77.8603,44.7297,52.5802,3.7401,49.9814,39.5325,4.0544,-0.8105,83.3516,-2.9067,34.9259,5.6286,11.4596,69.1077,-0.193,-5.5467
1995,11,97.7029,1.5453,1.4634,19.1337,-0.0576,89.9153,3.4422,2.0289,5.3147,11.629,0.6604,14.5138,-1.8152,-0.3012,49.3567,1.6545,70.7762,13.6522,64.1906,1.0036,37.7597,34.879,-1.4169,1.7508,100.149,-0.3893,16.4924,-1.7816,1.3111,54.3331,-0.4864,0.4703
1995,12,101.9478,1.3979,-0.9288,10.1695,-1.4831,84.0135,-1.8765,-3.6733,-1.4187,4.7393,-0.0255,6.9066,0.6293,-0.5164,73.7495,0.1232,67.7028,5.989,48.5195,3.6155,26.7832,31.8057,-2.8006,1.356,94.6553,0.2841,20.6754,-6.9474,-0.8318,47.4066,-0.4949,-5.7847
1996,1,98.0771,1.6608,0.4281,8.1156,-3.5841,75.28,-2.9311,-1.2279,4.9907,3.574,-1.2747,8.2459,-2.3763,0.2293,91.1806,-0.1088,62.674,6.9351,64.4128,1.0699,19.5301,29.9378,-2.2677,0.4272,108.8676,-8.0345,9.6518,0.4047,0.5265,21.4427,0.1047,-3.153
1996,2,99.8474,3.1846,2.2756,8.304,2.934,76.0245,4.9831,-0.049,6.1901,4.0028,1.1221,13.937,-0.2228,-0.7649,88.7538,1.1646,57.5775,9.3427,45.4099,-1.3692,14.633,27.2811,0.5598,-1.8831,106.0686,-2.8073,7.515,2.634,1.3488,25.1875,0.4866,-1.1585
1996,3,99.3282,3.7123,6.4083,6.1044,5.2734,77.0887,8.0912,3.1044,3.0688,3.1385,1.9466,6.7399,1.0275,1.1825,79.5574,2.6734,56.1535,17.5377,36.2803,0.3124,16.2565,28.3225,5.3056,-0.2813,94.0006,4.5187,8.6767,7.7734,4.904,38.6797,1.8228,0.9552
1996,4,90.6283,6.6954,18.2565,24.1755,20.4569,99.8626,35.4528,31.0083,21.9318,16.7845,0.0093,32.2314,1.9748,2.3689,52.5433,5.8061,62.2369,44.1776,24.4574,6.9164,23.7917,33.0242,5.4982,-0.5936,81.4338,3.4219,8.4794,16.286,16.3737,49.5081,3.3615,0.9057
1996,5,86.0636,34.6151,41.2895,39.8182,38.2388,105.2082,77.5247,85.5061,74.8131,38.6091,-1.6603,44.4507,3.9705,10.2706,31.7558,12.4096,93.8521,70.4774,23.5244,33.4431,35.0601,35.8507,33.282,2.1844,56.0728,10.546,10.2977,59.6657,63.5138,56.0801,19.723,8.5842
1996,6,83.378,55.8866,40.8793,51.8424,70.349,91.4138,105.8168,97.8974,80.7854,45.0489,12.8836,44.2802,27.1058,44.1138,21.147,43.9999,69.6723,99.1142,23.3871,61.7254,42.9159,28.6474,67.4192,16.7994,46.612,29.6141,21.4689,53.5509,82.3619,82.823,48.8066,29.4892
1996,7,97.3804,65.8132,29.7035,47.4903,68.1364,80.7936,91.6567,81.3805,64.7597,59.4203,27.0556,32.1277,35.2375,74.7938,27.6672,55.6534,97.9996,106.3622,26.0816,67.7235,51.6703,41.3449,80.8434,53.9634,52.0863,72.8664,41.8137,42.3823,87.9991,93.7117,89.7863,33.3018
1996,8,95.731,68.5508,27.909,54.7961,51.5953,78.9363,64.7536,66.9886,48.937,50.3414,16.167,38.0421,34.7613,37.3567,17.0199,43.5265,80.7656,90.3919,43.6285,48.1869,61.1194,54.3993,53.0929,27.0318,56.6634,34.8673,68.4888,23.0304,65.2876,80.3275,47.6289,21.1157
1996,9,99.556,36.3301,18.2036,42.1316,32.2255,82.2933,48.2858,45.6313,32.4077,39.3915,-5.0095,49.9367,0.5301,6.4954,18.091,21.9854,65.6149,70.3252,54.5949,13.2547,46.9825,52.1244,15.1225,-1.5538,67.6334,4.5585,51.9357,13.5561,28.865,53.7228,10.8525,-5.9814
1996,10,106.9659,9.0975,7.3125,29.809,18.9114,84.4043,24.9905,19.5105,15.8297,19.6268,0.6813,29.145,-1.2153,-0.3115,28.0561,3.1776,76.3472,41.0325,60.4437,0.0727,41.9535,36.4379,1.8082,-2.6023,83.8986,-3.1533,29.4517,3.1454,7.5747,56.5724,0.2801,-5.6868
1996,11,101.3189,2.0864,0.243,10.1083,-2.0842,80.1012,10.5472,-0.1437,-0.162,6.7137,-2.3435,14.1191,-1.8658,0.0275,48.6042,2.4877,74.5112,16.2305,56.3675,0.6547,39.2382,35.2627,-1.025,0.1629,106.4229,-2.3522,15.5697,-0.4629,2.5657,48.9217,-0.0412,0.4873
1996,12,102.2778,1.9541,-1.9247,14.9066,-7.0729,84.188,-0.4153,-0.8629,2.8592,7.6592,-0.7239,7.9022,-4.1416,0.2858,70.1685,0.5234,67.5716,6.1635,43.1016,0.8205,23.6547,30.6254,-1.7578,2.3072,104.6803,-2.7053,11.6066,-2.4406,-0.5283,41.3006,-1.7094,-3.4736
1997,1,96.1439,2.0231,-1.9766,8.3449,-0.2207,80.7818,0.3854,-3.0845,-2.7979,3.1459,0.9183,12.8966,0.0972,0.1625,101.9139,1.1526,64.4341,7.4474,47.1489,0.1874,19.8601,30.9685,-3.5646,-0.0031,111.4881,1.7011,8.5412,-5.6364,-0.1007,35.1953,-0.126,-7.2912
1997,2,99.4158,2.9048,0.636,6.369,1.9902,83.4866,11.2549,-1.1443,0.3862,4.7317,0.931,12.0109,0.3044,-0.3765,74.4573,2.144,55.0619,10.3931,50.8004,3.5814,15.1788,24.3281,-0.5144,0.9313,113.1567,0.0315,5.5572,-2.8198,-0.4727,23.9866,-1.3357,3.4195
1997,3,97.7092,3.587,1.6806,13.6408,8.7011,78.3145,22.7066,9.7222,2.9021,9.1384,0.9616,23.5727,1.2445,0.7441,71.7249,3.23,71.245,25.0906,34.7345,5.8476,18.1007,25.1465,1.9776,-0.1135,92.0421,-0.8774,8.1537,-2.9259,2.968,35.5013,2.0294,2.9519
1997,4,84.3614,9.3584,24.011,26.5507,23.7138,89.4416,37.7092,27.9749,21.5697,21.3168,0.0341,32.1182,2.4909,4.1104,54.7358,5.4312,72.1631,40.7815,25.6525,2.8377,24.0357,29.3736,13.7578,2.6574,70.6925,5.0979,6.645,25.5703,17.3526,51.533,7.875,0.4674
1997,5,87.9412,32.3341,50.5481,50.3008,62.043,96.0331,86.3372,79.0103,78.3839,48.1864,2.3093,35.9107,4.8842,17.8,34.7006,18.4224,101.4954,76.9107,23.9263,22.3124,37.1244,38.4639,48.0069,5.2711,60.6525,12.7284,8.7255,65.9261,52.5367,81.1399,31.0429,9.0517
1997,6,89.9116,57.9685,46.1818,52.1854,69.0552,85.1917,98.6915,84.8108,86.6847,46.5946,16.8159,41.2517,32.9518,53.6059,20.9858,45.5464,88.2544,100.4561,20.0121,75.0323,40.6933,33.8903,73.2924,31.1394,57.881,54.1918,21.3028,69.449,88.5325,68.3622,56.2677,28.7597
1997,7,98.38,72.5513,33.3245,48.6177,69.738,83.3584,96.628,77.4766,70.1518,66.704,47.5809,29.8302,50.9517,64.7451,16.443,57.7836,79.0462,113.7574,19.6367,80.9017,48.3661,42.7363,76.6597,55.4491,57.9395,51.6675,42.8574,71.5574,102.3148,83.5908,70.8216,36.5247
1997,8,97.9202,60.1711,28.0036,70.2375,60.1267,73.4018,76.1954,83.3637,61.7653,74.0272,31.6933,40.4556,42.0338,50.0109,15.9507,49.1798,81.3806,96.1753,27.5621,52.7405,56.0509,51.1669,52.8566,34.4155,62.542,44.043,67.9754,41.9629,65.7228,74.9346,56.0445,24.2019
1997,9,109.7559,31.7705,18.9519,39.3054,36.8014,70.014,55.9771,46.9317,29.9543,35.8732,0.0047,44.1803,3.0454,7.3579,18.8616,23.5961,72.5035,71.0027,44.2763,13.5762,58.1344,47.2168,25.6769,0.3153,74.0041,16.664,62.3285,19.7032,32.824,57.9607,19.4978,-2.4198
1997,10,112.3101,7.1687,7.7502,35.1252,17.1065,60.7808,24.3549,19.9841,19.8974,19.9575,-2.245,32.168,-3.0739,-0.2162,34.2801,2.3318,70.4657,40.0666,57.3882,5.1138,46.1639,40.1446,6.1172,-4.4632,82.383,-3.2567,29.3859,10.3363,14.543,49.6179,1.3701,-6.4761
1997,11,95.8754,2.7066,2.5331,18.336,1.9792,61.216,7.468,2.8226,3.2323,8.7044,0.9326,13.898,-0.5989,-0.9987,61.3227,1.7844,68.3681,12.839,55.8494,2.5845,35.3826,36.454,-1.2236,0.5012,98.7649,0.5183,16.6017,0.052,1.4282,41.755,0.388,-0.1223
1997,12,111.7645,1.2528,-1.7255,12.0176,1.291,66.8164,4.4424,0.1923,-4.7448,4.8309,0.2476,8.4906,-1.2718,-0.3295,63.6477,1.1948,65.3413,7.9799,40.8618,2.23,26.1319,29.8929,-1.7333,0.2368,107.9264,0.52,10.5085,-0.5651,-0.1566,29.4296,0.6379,-7.0601
1998,1,105.0848,1.7917,-1.0493,12.2461,-2.8674,65.0582,4.0266,-4.8458,-2.2337,3.1205,0.4602,4.6387,-1.3394,0.2904,64.6323,0.5177,66.887,8.2935,49.8999,0.6329,20.6221,34.4914,-0.3548,0.6735,132.6515,0.5354,8.0945,-2.5439,-0.5174,16.6635,0.2265,-5.6244
1998,2,96.7998,3.081,-0.9755,9.6641,2.59,78.9417,10.2612,1.5903,2.1325,3.1513,1.1626,13.1137,0.888,-1.381,68.1209,1.0904,59.4854,11.3814,38.1026,3.7077,14.6114,30.3419,-0.9009,-0.0022,102.0763,1.349,5.4685,-6.3653,-0.4929,22.0995,0.2692,-0.2256
1998,3,98.5913,3.3356,2.7901,12.1536,6.4006,71.2268,22.9707,6.8986,3.2089,8.059,1.1549,8.7992,0.7838,-0.5931,61.5815,2.9846,63.5981,17.8602,31.2542,6.6253,17.4717,24.9996,1.0194,-0.6622,101.7801,0.6241,6.5506,1.272,2.7283,31.4107,2.0027,-1.1542
1998,4,96.4298,9.629,25.6771,37.8446,25.2714,105.2101,47.0828,28.9078,25.0812,26.6308,0.5496,43.6781,1.2203,1.6128,41.9741,10.3352,69.7566,47.6336,27.5642,3.1703,20.5687,29.1421,3.8622,-0.8138,82.44,4.214,4.4851,12.1698,12.5221,57.4126,2.6962,0.2498
1998,5,89.6673,37.0191,50.7346,37.9094,40.1461,110.0069,76.0813,78.5747,79.9722,41.132,2.5489,46.9707,8.7784,9.0105,21.1606,29.8781,86.6621,80.1216,24.0006,24.3395,39.0176,36.689,34.366,1.7331,61.7134,7.9428,10.0254,59.6941,58.5112,60.9916,15.0818,9.7178
1998,6,96.4463,54.5383,48.4192,41.5915,67.3248,95.044,101.2653,95.276,81.9757,59.2329,19.2922,38.563,32.6852,49.8681,13.241,51.2623,83.3591,103.0557,25.6107,64.2228,44.7634,38.9023,71.0074,20.6009,50.7398,41.67,15.3696,49.9203,91.4565,77.6963,49.8994,28.6369
1998,7,98.0795,67.5466,35.8634,62.7186,87.3419,85.1495,102.5377,85.4517,68.0485,64.0141,33.7095,37.9455,62.0718,71.4998,9.4798,69.9487,92.8927,113.6161,28.5489,72.39,47.6637,42.9271,88.2072,57.8519,53.5175,83.6227,35.8535,42.2315,89.609,94.5527,82.1329,38.8517
1998,8,95.3523,52.6367,34.7672,48.2718,60.4989,78.1923,85.4789,76.949,54.9288,59.6239,11.8343,41.9504,20.9376,50.4642,12.7772,54.1484,94.0454,99.2111,43.0708,47.4618,64.7011,47.9051,58.9105,40.3227,61.7633,42.5466,68.728,30.6597,58.7757,69.8443,70.64,24.4412
1998,9,104.2254,36.4385,26.7621,53.0398,42.6022,82.7443,48.6088,47.3231,23.2968,45.0119,3.967,45.6913,1.1438,9.1071,16.5142,22.5562,79.8591,73.5898,59.1265,13.0342,58.6282,53.2683,18.9116,-0.1892,68.5625,4.9142,56.6239,19.133,33.561,62.8463,16.0229,-8.2669
1998,10,111.4162,10.7687,7.6392,37.6497,15.2237,66.7845,36.9695,18.1874,11.9961,18.2483,0.0008,29.3688,-3.0457,1.1167,29.1713,3.0984,70.1202,46.3209,68.7704,6.1545,47.8106,37.2738,1.1479,-1.9641,86.5526,-2.9944,32.9188,4.5058,8.4168,69.6532,-1.2193,-6.6607
1998,11,100.1209,2.5441,0.3957,21.3041,-0.568,70.0699,7.9064,1.8899,3.5452,14.1112,-1.0403,14.5082,-1.7296,0.0377,49.6786,0.8864,61.263,16.5764,65.3267,-0.422,39.3051,40.4671,-0.3619,1.4766,101.86,1.0736,15.9167,1.3176,4.9788,46.2427,0.1417,-0.5685
1998,12,99.4148,2.0807,-1.1304,12.585,-1.6401,75.5571,2.3035,-2.6142,0.7858,5.8223,0.9502,7.6463,0.3509,-0.3023,81.3995,1.8191,62.9136,8.4278,49.3605,-1.2659,24.6989,30.5943,-1.3604,4.174,114.8895,0.0702,12.4996,-2.0318,-0.8275,49.8423,-2.4128,-3.6013
1999,1,91.9731,2.2596,-0.8471,11.4644,0.8419,73.1951,2.356,-3.7802,-1.7304,3.6688,0.3371,10.2636,0.4572,-0.0738,83.3977,0.8396,66.7106,8.3371,51.7506,-0.603,21.4485,30.562,-4.1185,0.1366,115.7231,-1.5611,8.6367,-0.8993,-1.7944,28.0064,-0.1047,-7.8464
1999,2,93.9223,2.6006,1.0298,13.4518,-0.078,80.8682,10.1996,-1.0706,-1.5508,2.8843,1.9187,7.8264,1.6149,-0.7673,75.8945,2.0663,59.7817,9.9718,44.3769,5.023,15.7189,22.0154,0.8892,-0.3369,106.2819,2.1185,6.0481,-0.6856,-0.1902,31.577,-0.2298,3.5572
1999,3,104.2842,4.9261,4.624,9.6293,7.9314,86.0693,21.6279,9.6985,5.9507,8.4349,1.1384,17.1353,-0.0449,1.0396,61.7143,3.1277,69.3984,20.9629,53.6759,2.6191,18.5662,23.6796,2.0071,-1.5977,107.1446,1.4427,7.7067,2.0985,4.5483,28.1574,0.8268,3.1518
1999,4,96.744,9.7772,22.346,20.2007,26.2179,96.1097,47.928,38.177,30.2676,18.7777,0.6914,31.48,3.1599,2.5122,52.1779,6.0916,74.5572,48.0416,37.8216,6.2445,24.6134,29.5616,4.7394,-0.8294,80.9889,2.1499,8.9841,19.4957,18.0729,44.5015,3.3286,2.4172
1999,5,91.6487,31.7555,40.9073,38.2753,41.7641,104.6164,78.4491,76.5165,69.0428,36.6515,1.436,29.3885,5.1341,15.0595,31.3015,18.8762,86.9711,84.2953,27.5703,22.0193,38.9252,38.7322,37.9261,-0.2483,65.8178,5.4024,7.7765,53.6037,41.2615,49.5696,24.7426,4.6175
1999,6,86.1823,57.5074,35.0811,44.3041,63.4917,90.9553,91.9669,101.4729,82.5267,46.8357,17.1754,35.3818,33.7448,48.366,19.3599,46.1977,88.2014,101.4029,19.3848,81.3574,41.1588,35.6183,70.432,24.9677,47.8824,27.3485,15.6734,62.2377,96.0175,63.8847,50.5022,26.0248
1999,7,95.5956,72.0941,34.2401,55.6798,68.8778,83.4446,97.2103,95.4579,62.1298,61.6601,44.3647,25.8671,44.7996,67.5926,14.1577,57.766,87.3654,117.0666,27.8537,70.5687,56.2609,45.3127,82.4531,70.4929,56.5982,58.9491,46.7494,58.3368,96.0673,72.9913,83.4877,39.6996
1999,8,100.9006,67.0844,32.5269,50.6575,58.2182,80.9612,80.6463,64.2153,53.4584,48.7984,18.3692,34.5697,27.8301,41.6816,14.2267,51.7945,78.4396,102.9013,38.9619,47.5925,64.9303,50.0641,59.9211,28.7252,60.0279,42.5667,79.1259,30.6461,58.339,54.7567,51.6814,29.8408
1999,9,104.5864,30.4557,19.8732,41.5552,35.6005,76.2331,54.2769,46.1853,23.1289,34.0802,0.3229,40.5179,2.8623,9.8053,16.7722,23.1924,63.9131,71.1213,47.2388,21.725,59.7507,46.3213,20.0245,4.0561,69.1656,8.8874,56.7192,13.7523,31.1664,45.9518,16.9692,-5.5746
1999,10,108.4002,9.2666,9.1434,19.3979,17.8118,74.1512,23.6393,17.6246,21.1816,20.0684,-0.0664,25.4,-1.5273,-0.9331,25.6664,2.7945,74.5894,42.1866,60.3822,1.5398,46.0095,35.4572,4.1618,-1.8836,82.5176,-2.6332,34.8285,6.0585,13.4289,45.6846,1.4396,-8.3735
1999,11,99.3052,2.1497,-0.1632,16.2429,5.1275,69.5509,3.7772,1.8956,-0.2257,9.938,0.7739,10.6681,0.0497,-0.3173,50.3977,1.2385,64.1244,21.8327,66.8851,0.9799,38.5747,38.9231,0.7306,-0.2222,94.6244,3.3995,18.7771,-2.7188,1.1805,46.2998,0.4446,3.5687
1999,12,94.7343,1.8162,-2.0316,13.5238,-1.3752,79.6827,4.3653,-1.6864,-1.2893,4.8017,0.4386,7.7776,0.487,-0.4467,72.2927,2.1837,73.8052,7.5943,56.9213,0.2602,28.5672,31.5399,-1.1459,-0.2119,100.7338,-3.6318,14.0054,-4.7067,-1.8494,58.3572,-1.3335,-8.0628
2000,1,98.5841,2.2043,-0.3914,7.5379,-1.7049,76.6719,2.4361,-1.8195,-2.7519,3.09,1.0087,10.6695,0.4162,0.6479,83.2416,1.2862,67.4497,5.9207,57.7984,0.5517,23.6143,33.2741,-1.9416,1.3537,121.7856,-4.5585,10.8571,-4.6945,-1.1243,26.678,0.0779,-11.9909
2000,2,93.8137,3.4835,-0.3558,9.3341,1.4993,86.5795,11.4853,1.1558,-1.352,4.2295,1.6405,13.4138,1.6062,-0.5548,108.1315,2.0072,59.9333,13.425,47.6983,7.0076,19.1428,23.7405,-0.4221,1.1662,106.5976,3.6787,7.514,0.1521,0.0783,19.4488,-0.196,0.1809
2000,3,105.5355,3.4771,4.1446,18.6312,5.9816,82.1118,25.4189,7.6166,0.0945,10.4011,0.7557,20.1047,1.2806,1.2109,66.8424,2.979,70.8259,23.7462,42.8294,1.4935,12.6188,21.7345,1.6645,0.3397,94.5569,0.9285,7.3615,-1.5041,3.8737,22.1639,1.0425,1.4015
2000,4,92.2319,7.5783,25.2419,27.6843,29.2923,102.006,48.2797,36.2544,31.6921,20.2528,1.7336,28.5809,0.7986,2.1625,68.0636,4.7774,65.5781,42.0807,39.5484,8.53,26.6725,28.8022,9.7537,0.0531,81.2958,4.8894,8.4201,23.3995,28.4919,45.5095,2.4301,2.1804
2000,5,97.7592,35.1465,37.9553,55.8641,49.093,111.5723,86.8472,84.8551,68.4706,34.7463,5.2392,30.5274,9.4981,14.3258,41.5779,14.9781,62.9973,82.8818,30.7775,35.5553,30.6578,36.0534,38.5966,7.9408,60.4143,20.1028,9.6678,51.5775,54.4636,75.1605,26.4461,4.5088
2000,6,88.6647,63.682,34.8812,45.6082,69.1638,93.1177,103.7982,97.3373,80.3192,38.0839,6.0957,31.7972,35.2325,54.4116,23.1387,40.5612,64.9666,101.1683,22.7044,70.5024,44.7316,39.4191,81.7925,28.6228,46.695,62.6976,17.2613,74.8141,81.3432,87.6513,65.588,28.9492
2000,7,90.0285,69.8889,29.616,70.8717,64.7943,91.6666,89.1225,85.4399,79.1018,67.1662,32.2468,44.4273,67.8785,62.9564,22.5125,59.8075,82.7042,108.8111,26.7555,89.7747,59.1813,41.5781,81.8391,49.8308,55.3713,76.3313,53.6007,82.461,99.1391,95.3777,66.5032,39.5063
2000,8,100.4778,64.7337,28.6431,51.5531,49.1326,80.847,75.879,82.8845,58.8591,49.5699,19.1339,40.0509,22.4296,47.2651,22.5384,45.1186,84.7952,92.8969,37.1031,45.0473,51.9237,49.4951,51.0422,38.248,62.5576,37.8004,68.8183,45.0086,61.4686,63.0947,55.5747,23.8746
2000,9,101.3988,38.7304,20.6459,37.299,32.519,83.132,44.416,42.4666,28.6611,33.9114,-5.2817,36.0799,2.3132,8.2856,21.1777,19.3357,58.438,65.3696,43.6659,12.6113,51.4458,42.3485,21.835,5.0913,67.2102,10.2987,49.0686,23.5291,34.7561,63.4084,19.4428,-12.636
2000,10,109.8356,9.1168,9.4498,18.3799,16.9056,77.215,21.657,19.5871,10.3594,13.8279,-0.7194,24.1739,-2.3046,0.7077,39.0124,2.8745,74.3278,38.0058,57.3956,-1.06,37.916,40.0876,2.0222,-1.7064,96.3705,-3.3158,36.7849,4.3483,8.2068,58.8417,1.4771,-7.4912
2000,11,93.7983,2.8582,1.2898,14.1584,-0.5283,78.2643,8.9333,6.2356,2.7289,9.692,0.0595,7.1969,-0.8356,0.7486,55.4861,1.353,84.3039,15.6369,67.3883,1.9827,36.4084,35.4845,-0.4723,0.9263,98.1191,0.9698,18.4141,1.179,2.6779,47.7168,0.4652,0.0741
2000,12,99.3463,2.1113,-1.0835,11.4489,0.873,78.6536,3.6951,-0.6034,-6.902,6.3295,-1.8444,9.6555,-1.3067,0.4586,81.0821,1.5074,74.914,3.9642,53.8534,3.3279,24.4555,31.6588,-1.1143,0.6779,108.055,-0.6278,11.9813,-5.3804,-1.8208,49.679,-0.4626,-4.4368
2001,1,103.7461,1.9945,-2.052,9.7298,-2.781,77.723,1.8377,0.2258,-1.9311,4.4846,-0.5433,11.1946,1.6867,0.5049,74.5676,1.4137,59.4484,7.7003,47.4137,1.1475,20.215,31.0715,-3.5667,0.3286,124.7892,-3.0969,8.5505,-5.8179,-2.3923,30.2739,-0.0833,-14.4849
2001,2,85.3641,3.6008,0.3466,9.4032,0.4472,81.8906,8.1857,5.0772,1.7824,5.78,1.6716,12.2594,0.6356,-0.0983,65.3666,2.0489,58.6691,8.5585,34.1346,0.7247,16.143,25.0537,0.0569,0.1177,113.2822,0.2201,6.5867,-2.2248,-0.0119,29.098,0.1111,1.8577
2001,3,94.0606,4.0779,5.8599,18.6731,3.7375,80.795,21.1267,8.5508,6.0071,11.3716,1.4851,19.1962,1.0012,1.5632,61.5814,4.1708,90.3942,18.1788,43.2325,10.2489,16.6997,26.1046,1.0503,0.8459,103.6934,3.1425,7.7383,1.2367,4.8841,27.3851,0.6252,2.9039
2001,4,87.9965,7.8309,26.9882,28.1333,20.3984,109.0596,44.6875,38.8074,24.1059,22.7799,-0.3018,25.7344,1.6582,2.4931,57.0136,5.9693,64.8875,51.0227,30.8038,9.9734,24.7903,30.4735,7.9402,-0.1875,79.8347,2.6403,8.7317,25.3269,25.2984,49.3192,3.323,-0.9715
2001,5,85.2147,30.915,46.0087,54.0087,57.4606,102.6023,85.8464,84.5611,74.3589,39.5528,4.1271,31.5812,7.8468,14.9067,33.9789,13.2546,93.3459,81.9175,16.346,31.7037,39.4195,41.997,49.0626,-0.6176,56.1913,17.7746,7.7438,62.8234,57.7329,68.1629,23.202,0.768
2001,6,83.2027,60.6234,41.1085,47.0559,59.9932,93.3886,105.2347,91.4559,80.6246,44.2343,15.0265,37.7153,34.1804,55.919,18.8296,40.9826,69.1521,97.6071,22.3497,72.5809,51.5347,38.758,71.6258,46.9512,49.2281,50.8609,16.4904,59.4291,78.5751,82.3576,60.5265,29.4015
2001,7,88.8614,62.6128,27.4542,74.789,69.6311,82.2496,91.1509,108.2959,89.0599,71.097,52.3278,36.4345,68.2335,65.412,18.2906,52.9537,79.2181,107.1668,24.2441,84.42,54.8053,42.7798,76.1781,67.4806,53.2002,56.0831,50.8884,59.9632,101.8862,72.0773,73.1232,29.9876
2001,8,100.9022,57.8956,26.0073,62.9438,54.2132,85.5495,79.5722,80.308,55.6638,64.1591,17.4993,41.5309,27.9427,40.6171,16.108,51.7625,81.3876,93.1263,38.1684,64.6044,57.8103,55.5843,58.5604,27.9758,65.1035,40.4706,70.291,27.1456,58.6305,47.0607,62.86,28.3136
2001,9,95.3148,32.5369,20.4234,47.0383,33.824,78.8819,50.6427,47.1705,46.1658,26.5483,1.0402,37.1014,-2.1466,8.1049,15.7493,22.4536,78.1336,63.9107,45.1839,18.5698,52.9408,55.0254,22.4294,-4.0833,66.412,7.9153,51.286,17.6278,33.808,51.9834,19.3468,-3.4974
2001,10,109.1894,9.4689,7.3269,29.9655,14.5593,83.0139,27.6466,15.7979,15.0149,19.2362,-0.8166,23.6306,-1.1913,0.3522,26.7302,3.4546,73.2127,43.0537,51.0493,3.9012,44.3319,33.5973,3.9745,-0.8972,92.2885,-0.8263,27.5582,5.425,9.2107,64.0843,1.2454,-3.9765
2001,11,94.7852,2.3552,1.039,20.8343,-0.1885,81.4377,8.857,5.4979,5.2482,11.5061,-0.4491,12.1844,-1.4814,-0.3031,62.4225,0.9333,66.7329,23.1116,56.0206,0.5934,36.1804,31.8007,-0.6719,-2.4812,95.9712,1.4602,15.4756,2.0995,4.0354,53.7501,-0.4203,0.7051
2001,12,90.5209,1.6991,-1.6526,9.9771,-2.6339,72.685,4.0594,1.0475,6.6557,4.3356,0.3024,3.4618,0.2001,0.5242,76.2615,0.9718,62.0224,7.7906,34.1715,2.4246,23.776,26.9457,-1.8802,-0.3721,110.241,-0.1201,10.8587,-4.1343,-0.6543,42.6464,-0.2292,-4.8898
2002,1,95.8536,1.5634,-1.7405,12.0084,-2.0353,74.8364,2.9828,-2.3718,-1.9923,4.2836,-0.1268,6.2407,0.2249,-0.2563,66.928,1.7487,64.325,8.9632,36.5485,-1.1552,19.217,30.4318,-5.2589,1.0529,127.4245,-7.0605,15.3309,-5.7535,-0.445,40.4153,-2.0077,-12.0581
2002,2,88.5911,2.2763,1.6537,9.5237,1.5352,82.1751,15.0836,4.2493,-1.817,4.3973,0.7595,10.9225,0.3574,-1.1022,58.228,2.1414,62.4116,8.4086,35.0513,12.1631,13.834,29.2528,-0.1859,0.1699,98.448,6.0854,6.4367,-2.511,-2.7044,31.1131,-1.0225,1.233
2002,3,93.5111,4.1263,8.5123,16.7764,2.725,80.6529,25.9369,15.6747,8.5879,10.1937,-0.2668,21.7665,0.2098,0.275,60.1425,3.1705,72.1039,20.2704,42.0783,4.2025,19.7135,25.3143,0.2,-0.37,98.0866,1.5482,8.0215,-0.5483,0.6414,35.1068,0.6059,2.6603
2002,4,89.6448,9.3859,24.8578,27.6729,20.664,102.6019,38.5499,34.017,25.3291,19.2431,0.0965,25.5613,1.0974,2.5052,46.1004,4.7521,66.946,41.665,30.0111,12.0361,23.3316,30.0183,7.5394,0.7212,72.2649,10.455,7.999,22.9748,25.8812,52.3111,3.8009,12.251
2002,5,96.2008,37.5248,53.9477,33.5335,41.9127,115.7575,80.613,87.2368,75.6651,32.0873,-1.5219,30.7314,7.127,13.8632,23.6756,12.9615,69.4479,66.5556,19.8693,31.1135,38.1009,32.6168,34.1389,-0.4438,64.5701,4.9537,8.2322,59.0163,54.0505,72.6893,21.7481,7.4575
2002,6,90.1827,62.2698,52.0898,53.2535,67.9592,94.344,103.1304,103.1603,85.4053,56.833,18.0081,30.25,35.1475,50.4849,19.961,50.1407,81.1823,92.5088,18.3188,68.468,37.6736,37.5658,61.9811,40.1753,49.7173,36.5904,16.3136,61.565,80.936,67.6033,64.3758,29.7359
2002,7,90.1453,70.0352,41.357,74.6085,67.8067,82.1855,90.9223,98.842,66.0218,71.8298,34.7746,23.6039,57.9364,72.0409,17.9329,54.081,109.5274,97.1768,18.9962,90.6311,56.0267,38.315,84.7557,57.5337,49.1263,69.4594,40.2042,68.329,101.9836,75.5986,73.9192,28.9906
2002,8,99.7849,54.1808,35.1115,55.3629,48.9056,84.9636,71.8492,65.407,53.7472,59.6113,19.9647,32.2477,40.1528,46.4349,14.9028,44.6564,71.5887,90.0147,24.2769,42.7842,61.3064,52.4103,52.4697,35.4418,62.1102,31.7801,71.7821,29.5977,57.8299,59.8604,54.565,31.7787
2002,9,96.4134,31.3127,23.0619,46.45,33.0073,77.4379,51.6315,42.6926,31.8652,34.8506,-1.7851,29.4438,3.6474,9.4329,16.1718,19.8707,56.9856,72.9852,34.2544,21.0501,53.427,51.2815,22.3864,3.167,70.6876,13.5716,49.9755,19.6837,33.0487,48.3999,17.4016,-2.819
2002,10,108.0431,5.9699,7.6619,34.2151,11.2263,88.9501,28.8457,18.7014,17.9336,18.5841,-1.7731,22.2517,-2.4783,0.035,31.7009,3.7407,58.724,33.5141,29.8293,5.8923,38.7571,38.6235,5.1446,-4.3327,91.2731,-1.3288,31.7104,7.091,8.6934,62.4748,-0.1488,-5.3876
2002,11,96.9586,1.4783,-0.4109,15.9723,1.0059,70.4605,9.4646,2.8638,-1.159,11.3781,-0.459,8.0493,-1.5875,0.5819,41.0937,1.8101,64.1824,13.3518,31.5752,3.9372,33.615,32.9668,0.3364,1.181,106.8057,2.0663,17.2441,0.3837,3.7966,49.5962,0.7863,0.3138
2002,12,110.02,2.3417,0.3764,10.8111,0.2598,80.4948,2.4193,-0.766,-2.9461,4.6048,1.1938,0.4355,0.201,0.3361,55.9665,2.1937,59.376,9.0011,28.017,4.2095,22.7332,28.8322,-1.1349,0.9344,105.5608,0.3584,13.905,-1.4601,-0.4741,42.3343,-0.4048,-1.1482
2003,1,94.4467,2.6146,-2.1902,12.4956,1.7458,75.4999,4.3313,-2.0192,-2.0925,3.5162,-1.7863,10.8652,-1.0454,0.5304,50.2157,1.7673,65.0234,2.237,30.0039,0.1389,19.6602,25.6762,-3.3059,0.9813,120.6278,-2.4943,8.6518,-1.1959,-1.4547,37.6544,-0.566,-8.1642
2003,2,80.5014,3.5842,0.778,10.1582,0.5943,81.4946,4.1452,1.7041,1.164,2.6903,0.8808,14.1353,0.001,-1.0012,64.3355,2.1577,58.6673,9.7206,27.2752,-0.8781,14.5809,21.5303,0.6892,0.2019,101.6672,1.7096,5.7047,5.2668,1.1111,23.2767,-0.8826,-3.0433
2003,3,93.2693,4.2577,5.8366,14.6166,4.9731,79.8488,20.4352,5.1475,2.7927,7.5001,0.1037,3.7602,0.8207,0.6272,63.7744,2.3373,68.2464,16.7051,32.0159,2.3787,17.2819,21.6398,5.0696,-0.8631,93.8988,0.2015,7.4191,9.0429,5.3598,30.2937,1.6723,2.4842
2003,4,80.1893,10.5415,25.486,26.2847,22.0522,95.8227,37.8455,27.1165,20.3475,21.757,-0.6588,23.5643,0.22,0.0666,43.388,7.6668,64.0655,47.1408,33.1141,7.9855,6.9582,25.6734,5.8484,-1.9236,78.9746,4.8049,6.468,18.1383,18.781,50.7199,3.3767,0.8522
2003,5,80.2864,33.3807,49.0214,37.2906,45.7276,104.9404,90.032,88.7029,75.4086,39.0057,-2.3903,32.3532,1.631,7.0216,19.6798,19.0771,92.7949,74.9775,23.3608,39.5996,38.1383,31.4367,49.1369,0.6251,63.8842,19.6392,9.3373,55.3285,57.6372,58.3457,17.7618,5.4316
2003,6,86.6458,53.8173,58.8551,52.8159,67.1919,85.2629,99.5416,87.9372,69.8996,48.847,4.5023,49.1579,19.7586,46.2411,18.4771,43.1476,67.7852,96.7502,22.4224,50.5793,44.221,32.9626,76.6719,22.9452,47.8567,36.1725,20.5421,61.4468,57.3757,74.0322,64.3466,25.3146
2003,7,91.3279,62.3475,46.7763,75.142,69.0541,80.8091,87.8264,82.2363,68.612,76.2793,41.3208,36.0474,65.1249,68.6087,13.6165,61.7552,88.0918,104.2893,26.7479,89.8707,46.4761,40.007,86.9819,56.0633,50.9131,76.4568,49.6978,68.3368,97.1268,94.8523,67.2293,34.8234
2003,8,88.3715,58.9736,34.9767,51.0332,48.9087,78.3984,85.2137,77.8142,75.1891,57.9486,20.3576,44.8386,27.5161,43.2838,13.0433,52.3023,88.4319,84.0498,39.8963,47.7136,70.1162,52.4993,68.224,36.5648,58.4954,44.1948,79.8749,47.3659,64.4221,79.1278,52.7928,25.11
2003,9,95.8078,34.6649,22.8519,37.4215,34.0169,79.1505,47.5132,48.1175,33.6084,40.8695,6.2812,38.8885,6.8206,11.6825,13.3026,21.1031,74.7978,67.2888,43.2945,15.458,56.2801,48.5994,23.2682,3.2029,75.2691,12.8655,63.1474,22.1147,35.4301,47.663,16.2019,-4.7072
2003,10,101.4705,10.669,7.9271,25.6558,17.5307,74.1197,28.5963,15.8328,15.6082,21.8001,-0.0415,25.5029,-2.9403,-0.3268,26.5464,4.8463,82.8501,37.1136,48.6627,1.129,42.4949,36.0851,5.2042,-2.4081,88.7075,-0.5614,37.4256,10.9889,13.3443,57.9649,0.4946,-7.2255
2003,11,87.1998,3.4662,2.9268,15.0809,-4.5334,61.8672,8.4824,0.5555,-1.5556,11.8281,-4.2499,8.1017,-2.402,-0.0599,47.1987,1.6073,77.2774,19.0208,43.5411,1.3808,33.6885,28.473,-0.3786,0.3168,110.8709,1.1743,22.1073,-0.1374,1.8727,44.6581,1.3005,-3.294
2003,12,95.4919,2.0563,-2.049,11.1721,1.197,68.3403,3.6608,-2.2156,-7.7686,8.0279,0.312,5.9997,0.4683,-1.5532,59.9987,3.239,66.713,6.3324,41.6351,0.6363,26.0084,31.4958,-2.093,-1.4466,109.163,-6.2931,14.4748,-2.3843,-2.9225,47.2431,-0.8661,-7.8138
2004,1,87.7289,1.9602,-0.0546,9.154,-1.2865,67.0088,6.3631,-0.8749,-4.4716,4.9591,0.7048,10.5133,0.4653,-0.1547,68.5886,-0.49,59.0051,5.5602,50.7888,1.2316,21.3126,29.1437,-0.8894,1.9555,121.9008,1.0483,9.9868,-0.1661,1.7243,26.7326,-0.3492,-6.4823
2004,2,78.8249,2.9026,-0.2347,11.9423,1.3551,84.8768,11.374,2.1096,-0.8629,5.9584,0.4912,17.1811,0.9858,-0.7761,74.2036,3.1728,57.7244,9.6856,38.2768,-1.2642,15.2175,22.6027,-0.1374,1.2768,98.5428,1.4313,7.5064,2.6592,1.162,27.8834,-1.7366,2.2319
2004,3,90.0534,4.0558,9.8675,13.6933,8.9076,83.6476,18.5848,14.2544,8.0991,9.0857,0.3753,4.9937,0.979,0.4373,67.4731,2.952,63.7599,25.477,38.4002,8.6338,15.0671,26.5439,3.2355,-0.1672,95.0688,0.7822,7.1941,-1.8863,5.5381,27.6058,0.2823,3.1088
2004,4,81.6552,7.0109,28.8715,35.7488,25.6827,85.9188,41.9245,35.4653,25.947,20.6572,1.3389,22.5089,1.9338,2.6412,63.8921,6.5558,52.0303,48.6917,23.2972,8.2248,26.3731,26.833,4.347,0.8908,73.7585,4.7797,8.8834,20.1983,15.7615,49.8016,3.0728,-1.3149
2004,5,80.2103,29.771,52.8697,48.2581,40.1026,107.0012,74.4107,72.6086,75.7098,43.1297,-0.1212,39.5399,6.4081,8.5812,32.5174,12.5124,70.5311,81.4686,19.6065,21.742,36.2433,35.5161,41.9862,2.795,49.1341,8.7438,9.5444,59.3337,55.5883,74.8186,17.3345,6.9805
2004,6,87.9431,60.1476,50.1172,50.9549,67.7957,91.721,94.0734,99.1764,82.0373,51.933,4.3456,33.4571,26.5207,36.9453,16.5987,55.1676,74.9794,90.8818,20.9727,63.9672,45.097,33.8915,75.0685,22.1388,48.7617,34.9821,19.7654,55.0876,72.8353,73.4932,58.9522,35.3119
2004,7,93.1034,63.1419,31.6511,74.371,71.4499,82.1575,98.2863,90.3165,72.2581,66.7199,28.502,33.7386,49.9294,59.0569,13.6754,59.3641,82.5735,104.2822,20.6999,84.5144,47.4871,42.4226,83.712,49.6913,52.9684,91.8343,48.1259,56.2028,85.0813,91.1239,74.978,33.2679
2004,8,100.7418,58.8356,36.2509,52.9345,56.05,75.5356,74.7784,84.8169,81.6082,64.244,20.034,43.776,34.7164,42.0875,14.9101,42.6767,93.5181,93.3687,34.0435,51.9848,56.9375,45.2617,58.4092,24.5423,53.5218,46.0382,85.0428,42.1642,64.4487,53.6485,52.4817,26.8626
2004,9,101.7913,33.5772,25.9415,35.9857,34.4409,79.4828,52.2503,50.453,33.6288,38.4109,-9.997,33.3686,1.9645,9.5434,15.403,16.5495,66.7804,73.1101,40.8343,18.3277,42.0658,52.6532,21.3191,0.3993,58.7199,11.6179,50.0311,17.1314,36.362,63.739,16.8864,-5.8769
2004,10,106.0814,10.7307,9.181,32.9894,17.6568,83.0227,23.8349,22.7443,14.7039,17.5282,-0.0061,19.3825,-1.4086,-1.1453,25.0156,2.6813,89.4149,37.4647,46.5381,6.4353,41.9561,36.2038,3.4992,-2.9918,91.9033,2.1929,27.9232,3.9248,8.8262,67.6627,1.7917,-12.0851
2004,11,97.901,2.7361,1.3069,19.2695,5.3288,71.5127,10.5575,4.6864,3.0508,10.7289,-0.4811,10.0516,0.3346,-0.6394,37.8599,2.0463,71.638,20.6572,52.2595,1.3318,32.1594,33.0606,-1.7051,-0.7543,109.9898,-0.2021,15.6811,-1.8164,1.5536,45.6755,-1.0339,0.2196
2004,12,95.1129,1.9278,-1.1044,13.1383,-0.1979,76.7448,2.0546,-2.4075,-4.228,4.2831,0.7291,2.6925,0.6971,0.1502,63.5704,1.0053,68.3863,7.8391,51.4146,-1.8802,24.4048,30.8742,0.2502,0.6952,111.8059,0.442,12.0939,-4.8242,-0.783,44.306,0.513,-8.497
2005,1,93.7749,1.8989,-1.1475,8.5346,0.9999,71.6524,6.8983,-0.1455,-7.7229,4.0667,-0.4068,11.7104,1.7623,0.2367,74.1345,0.4834,57.3743,8.5507,42.8661,2.0884,18.8466,30.8078,-0.895,0.8154,123.6227,0.0952,8.7853,-1.4337,-0.2924,20.186,-0.4402,-6.8227
2005,2,74.7163,3.2087,1.0906,6.6818,-0.2848,76.4348,6.7726,0.0247,-2.8935,3.8449,1.2555,7.4429,0.9655,-0.1208,44.9451,1.8935,55.4304,11.8127,37.3447,3.0511,11.092,25.0631,0.3903,0.4401,110.8009,0.7297,14.5649,2.4976,1.2898,9.4307,0.3805,0.4915
2005,3,96.3073,2.9756,6.6746,13.6088,5.6571,84.0962,17.2071,5.2795,3.5754,10.5571,1.2171,26.5958,0.6007,1.1589,57.3156,3.3099,67.6361,20.3889,24.2274,1.8934,18.7419,26.0866,2.4892,-0.6277,94.6291,2.6626,12.149,-1.2462,5.6457,30.2688,2.1609,2.9303
2005,4,83.2656,3.9169,31.4903,42.5241,22.7249,94.5714,46.3369,33.006,26.875,24.3242,2.5134,21.6213,5.1975,2.0737,45.8901,4.7108,54.8525,44.9957,18.4633,8.0571,22.442,29.2037,6.5272,1.6831,72.3428,2.7202,8.359,19.4423,13.9434,52.2585,3.2885,0.2675
2005,5,84.9792,29.3586,46.4408,40.5528,49.5223,102.2096,81.3206,85.1247,92.0533,38.1365,2.3212,21.0409,12.6124,19.1413,31.122,22.319,94.7469,75.2891,15.4246,46.5846,37.1929,36.7791,45.9823,-2.3848,61.8485,20.3576,8.4176,62.9838,66.9068,67.0577,20.2826,4.3867
2005,6,79.3577,56.7673,49.7046,59.2595,72.5649,87.5387,104.2847,92.5758,73.5549,55.9323,20.9693,30.2664,38.2919,47.9943,15.8825,49.435,67.1108,103.0214,17.4108,71.9952,42.6382,33.2207,69.9813,32.5399,50.3117,55.6271,25.31,51.9971,72.3499,69.7641,52.1921,28.4421
2005,7,92.5475,62.6119,36.4363,74.953,80.5734,80.5507,92.4032,94.4046,74.909,65.6984,25.7339,34.5304,53.1235,68.3055,15.1537,55.5839,122.0368,107.3149,24.2308,78.5897,53.6843,40.3675,82.245,59.0207,53.5746,61.5584,61.0496,53.6012,82.1197,87.2223,82.7663,30.8152
2005,8,105.4438,65.6268,30.5516,52.3749,53.7315,68.5668,77.7494,86.7545,57.9119,56.5188,15.3019,44.6215,31.8301,39.5576,11.513,47.4352,80.4917,95.3028,38.1723,59.047,53.1078,50.4327,58.4424,23.1682,54.1128,47.0189,71.5234,34.9477,67.1837,46.4686,58.5178,26.7815
2005,9,93.4058,32.8431,30.3445,47.0663,32.5907,81.4779,56.2211,47.0926,19.2846,33.8414,-0.5953,34.0535,3.974,11.4547,13.7375,17.2737,68.1087,71.3929,44.2008,19.2525,59.6307,52.8321,23.2574,-0.6326,66.2816,10.2329,63.1222,17.1147,31.471,67.4234,17.5239,-11.8026
2005,10,108.9944,9.5244,7.3829,28.5487,16.5874,72.8906,26.4804,17.127,10.6621,18.5589,-0.9258,26.2629,-3.1651,-1.8283,16.7406,3.4554,83.7951,36.4712,61.723,1.9411,45.7277,35.5566,4.729,-2.0392,85.0701,-4.6463,32.5289,11.5431,10.2211,62.5147,-0.1637,-8.3312
2005,11,95.5429,1.5112,0.2761,14.9511,0.3579,82.1929,7.5393,2.5399,2.835,12.0046,0.5167,10.4019,0.0507,0.2259,37.8727,2.3162,53.8395,19.0478,54.5953,5.7076,36.4353,33.5417,-2.193,2.2548,96.8735,-7.2053,15.7661,1.4242,1.7571,45.5908,-1.0758,2.5149
2005,12,91.5804,1.6619,-2.0948,10.9292,-2.2342,77.7973,3.9456,1.0295,-2.7719,4.1013,1.0066,12.671,1.1624,0.2258,68.5592,2.0401,68.5849,4.6644,43.0458,2.0213,23.1338,29.4642,0.571,1.277,102.9587,1.2539,14.1328,1.2604,0.036,40.8219,0.2181,-11.4479
2006,1,94.8393,1.5978,-1.2629,8.202,-4.0708,66.701,1.826,-3.864,-1.4744,2.3741,-0.2442,1.0479,1.0475,0.2192,96.686,0.9864,69.9469,9.9697,35.4702,1.9725,19.8814,23.7736,-1.4293,0.4506,118.0732,0.1923,10.6496,-1.2351,0.9202,29.3928,0.1901,-6.2239
2006,2,80.3595,3.2924,0.6175,5.7629,2.7243,75.2414,5.725,2.8884,-0.9585,4.5445,1.4456,9.2419,1.1235,-0.3056,66.3933,2.6232,60.2465,6.4466,34.8624,1.5404,14.3538,20.7302,0.5079,0.468,110.8803,1.1257,8.8795,-0.0792,1.4527,18.5633,-0.0629,3.122
2006,3,104.0402,2.5801,5.3471,16.4799,3.3218,83.0365,19.4582,3.6127,4.1075,10.9629,1.0082,26.2383,0.5375,1.1485,64.6392,2.3449,74.4939,18.788,24.7287,1.2859,19.1186,22.8215,2.6107,1.3507,94.6,0.4446,9.0405,-3.3398,3.8565,29.1045,0.4625,0.4688
2006,4,87.3677,7.6843,30.745,31.7719,25.6166,99.2588,43.6739,32.4368,23.9629,20.7977,0.8978,25.4714,2.0959,2.1577,62.4335,6.0205,83.5607,52.6135,27.7411,8.833,29.0502,29.3963,4.6779,1.6054,75.7365,5.2795,9.1747,17.421,15.3287,48.5484,1.928,2.784
2006,5,88.8223,31.4996,45.8877,49.6538,52.0067,99.5551,78.0197,76.8326,76.3541,39.5351,2.1317,30.4578,6.6709,10.1003,33.517,16.3494,86.5448,75.4637,16.0708,32.4651,35.6067,32.5113,31.9928,-3.6858,56.4232,16.9306,11.4845,56.8901,54.9655,66.3889,14.2402,4.3658
2006,6,90.1053,45.1649,41.1441,58.7738,75.5625,94.309,95.6841,100.6003,89.4544,50.0618,16.1562,25.2168,29.8681,45.8665,21.2123,51.9222,65.5918,97.8557,18.797,68.8693,37.3691,39.8222,69.889,23.3072,49.6625,48.5356,18.0217,57.8794,91.5213,76.3934,56.615,19.8151
2006,7,94.5065,61.8538,34.2739,71.7331,78.9665,82.029,106.8052,100.8513,66.4951,69.2674,40.846,23.8171,52.099,66.8974,14.976,65.3335,130.7381,102.6719,23.6824,73.3909,60.3073,41.76,74.9865,59.3687,53.0587,56.2433,57.6465,54.8071,74.0903,82.2688,76.2064,32.752
2006,8,95.5425,63.0162,29.2087,66.6763,49.8996,75.2165,80.0411,83.8067,58.1309,65.4347,11.6341,35.0839,28.8194,41.5677,16.1374,45.9279,95.3433,88.5345,32.0797,48.1005,71.4154,47.4003,49.7199,32.4127,55.6695,45.1815,73.8585,28.3862,57.3612,68.1223,49.1114,22.1433
2006,9,103.3821,34.7414,21.0478,45.0964,33.3242,68.1474,57.7974,50.3961,30.3345,29.4859,3.2399,40.0995,3.6593,8.0567,11.8647,25.4151,66.0469,68.1042,35.2265,19.6948,81.8306,55.4127,25.6046,-3.3614,69.5699,26.5754,52.4336,13.7562,35.3988,63.5959,17.4922,-5.5096
2006,10,109.2674,11.6671,8.355,31.3556,15.4912,73.9849,29.2851,25.5896,17.5297,17.4824,2.8063,26.9111,-0.8949,0.7076,19.02,3.9751,72.6596,38.4207,35.1807,11.7103,51.5601,41.0003,4.1591,-3.6166,97.6605,-0.5692,24.3969,7.8829,9.6035,50.1348,0.0975,-9.2296
2006,11,103.3042,5.5464,4.7549,21.9959,13.4478,80.9914,7.8486,1.3668,4.2469,9.8306,-1.9075,15.0274,2.1939,3.1721,52.6521,2.4067,58.1887,12.2369,44.7407,2.9709,37.8182,37.487,0.9857,1.437,100.4436,4.1835,17.9743,1.4828,0.1364,61.1591,0.2287,-1.7781
2006,12,107.2675,0.6929,-2.8993,9.0537,0.6343,89.014,0.5826,-3.5407,-10.1966,4.2612,-0.653,21.8997,-0.3665,-0.7022,78.961,1.7689,60.9277,6.1184,26.1791,-5.4508,23.8985,29.4497,3.971,1.6679,116.6862,-7.6942,13.197,0.5612,-1.4717,46.712,-0.5947,-7.7943
